[2026-09-11 05:21:51] index() called | format mentah=NULL | format lowercase='' | bulan=NULL | tahun=NULL
[2026-09-11 05:21:51] format TIDAK cocok kondisi kita (raw=NULL) -> lanjut ke logic list() normal di bawah
[2026-09-11 05:21:54] index() called | format mentah=NULL | format lowercase='' | bulan=NULL | tahun=NULL
[2026-09-11 05:21:54] format TIDAK cocok kondisi kita (raw=NULL) -> lanjut ke logic list() normal di bawah
[2026-09-11 05:21:56] index() called | format mentah='print' | format lowercase='print' | bulan=NULL | tahun=NULL
[2026-09-11 05:21:56] format cocok ('print') -> masuk render_checklist_report()
[2026-09-11 05:21:56] render_checklist_report() mulai | format=print
[2026-09-11 05:21:56] inner() mulai | bulan=9 tahun=2026 day_count=30
[2026-09-11 05:21:56] query selesai | jumlah row=0 | lastError=NULL
[2026-09-11 05:21:56] data siap, pelaksana terisi utk 0 hari. Mau panggil render_view() sekarang...
[2026-09-11 05:21:56] render_view() SELESAI dipanggil, gak exception (bukan berarti tampilannya bener, cuma bukti gak crash di titik ini)
[2026-09-11 05:21:56] render_checklist_report_inner() BERES tanpa exception (format=print)
[2026-09-11 05:21:56] shutdown handler jalan, TIDAK ada fatal error tercatat (format=print)
[2026-09-11 05:22:20] index() called | format mentah='PRINT' | format lowercase='print' | bulan='8' | tahun='2026'
[2026-09-11 05:22:20] format cocok ('print') -> masuk render_checklist_report()
[2026-09-11 05:22:20] render_checklist_report() mulai | format=print
[2026-09-11 05:22:20] inner() mulai | bulan=8 tahun=2026 day_count=31
[2026-09-11 05:22:20] query selesai | jumlah row=12 | lastError=NULL
[2026-09-11 05:22:20] data siap, pelaksana terisi utk 12 hari. Mau panggil render_view() sekarang...
[2026-09-11 05:22:20] render_view() SELESAI dipanggil, gak exception (bukan berarti tampilannya bener, cuma bukti gak crash di titik ini)
[2026-09-11 05:22:20] render_checklist_report_inner() BERES tanpa exception (format=print)
[2026-09-11 05:22:20] shutdown handler jalan, TIDAK ada fatal error tercatat (format=print)
[2026-09-11 05:22:34] index() called | format mentah='excel' | format lowercase='excel' | bulan=NULL | tahun=NULL
[2026-09-11 05:22:34] format cocok ('excel') -> masuk render_checklist_report()
[2026-09-11 05:22:34] render_checklist_report() mulai | format=excel
[2026-09-11 05:22:34] inner() mulai | bulan=9 tahun=2026 day_count=30
[2026-09-11 05:22:34] query selesai | jumlah row=0 | lastError=NULL
[2026-09-11 05:22:34] data siap, pelaksana terisi utk 0 hari. Mau panggil render_view() sekarang...
[2026-09-11 05:22:34] render_view() SELESAI dipanggil, gak exception (bukan berarti tampilannya bener, cuma bukti gak crash di titik ini)
[2026-09-11 05:22:34] render_checklist_report_inner() BERES tanpa exception (format=excel)
[2026-09-11 05:22:34] shutdown handler jalan, TIDAK ada fatal error tercatat (format=excel)
[2026-09-11 05:22:58] index() called | format mentah='EXCEL' | format lowercase='excel' | bulan='8tahun=2026' | tahun=NULL
[2026-09-11 05:22:58] format cocok ('excel') -> masuk render_checklist_report()
[2026-09-11 05:22:58] render_checklist_report() mulai | format=excel
[2026-09-11 05:22:58] inner() mulai | bulan=8 tahun=2026 day_count=31
[2026-09-11 05:22:58] query selesai | jumlah row=12 | lastError=NULL
[2026-09-11 05:22:58] data siap, pelaksana terisi utk 12 hari. Mau panggil render_view() sekarang...
[2026-09-11 05:22:58] render_view() SELESAI dipanggil, gak exception (bukan berarti tampilannya bener, cuma bukti gak crash di titik ini)
[2026-09-11 05:22:58] render_checklist_report_inner() BERES tanpa exception (format=excel)
[2026-09-11 05:22:58] shutdown handler jalan, TIDAK ada fatal error tercatat (format=excel)
[2026-09-11 05:23:17] index() called | format mentah=NULL | format lowercase='' | bulan=NULL | tahun=NULL
[2026-09-11 05:23:17] format TIDAK cocok kondisi kita (raw=NULL) -> lanjut ke logic list() normal di bawah
[2026-09-11 05:40:09] index() called | format mentah=NULL | format lowercase='' | bulan=NULL | tahun=NULL
[2026-09-11 05:40:09] format TIDAK cocok kondisi kita (raw=NULL) -> lanjut ke logic list() normal di bawah
[2026-09-11 05:40:12] index() called | format mentah=NULL | format lowercase='' | bulan=NULL | tahun=NULL
[2026-09-11 05:40:12] format TIDAK cocok kondisi kita (raw=NULL) -> lanjut ke logic list() normal di bawah
[2026-09-11 05:40:12] index() called | format mentah=NULL | format lowercase='' | bulan=NULL | tahun=NULL
[2026-09-11 05:40:12] format TIDAK cocok kondisi kita (raw=NULL) -> lanjut ke logic list() normal di bawah
[2026-09-11 05:40:12] index() called | format mentah=NULL | format lowercase='' | bulan=NULL | tahun=NULL
[2026-09-11 05:40:12] format TIDAK cocok kondisi kita (raw=NULL) -> lanjut ke logic list() normal di bawah
[2026-09-11 05:40:12] index() called | format mentah=NULL | format lowercase='' | bulan=NULL | tahun=NULL
[2026-09-11 05:40:12] format TIDAK cocok kondisi kita (raw=NULL) -> lanjut ke logic list() normal di bawah
[2026-09-11 05:40:19] index() called | format mentah='print' | format lowercase='print' | bulan=NULL | tahun=NULL
[2026-09-11 05:40:19] format cocok ('print') -> masuk render_checklist_report()
[2026-09-11 05:40:19] render_checklist_report() mulai | format=print
[2026-09-11 05:40:19] inner() mulai | bulan=9 tahun=2026 day_count=30
[2026-09-11 05:40:19] query selesai | jumlah row=0 | lastError=NULL
[2026-09-11 05:40:19] data siap, pelaksana terisi utk 0 hari. Mau panggil render_view() sekarang...
[2026-09-11 05:40:19] render_view() SELESAI dipanggil, gak exception (bukan berarti tampilannya bener, cuma bukti gak crash di titik ini)
[2026-09-11 05:40:19] render_checklist_report_inner() BERES tanpa exception (format=print)
[2026-09-11 05:40:19] shutdown handler jalan, TIDAK ada fatal error tercatat (format=print)
[2026-09-11 05:40:29] index() called | format mentah='excel' | format lowercase='excel' | bulan=NULL | tahun=NULL
[2026-09-11 05:40:29] format cocok ('excel') -> masuk render_checklist_report()
[2026-09-11 05:40:29] render_checklist_report() mulai | format=excel
[2026-09-11 05:40:29] inner() mulai | bulan=9 tahun=2026 day_count=30
[2026-09-11 05:40:29] query selesai | jumlah row=0 | lastError=NULL
[2026-09-11 05:40:29] data siap, pelaksana terisi utk 0 hari. Mau panggil render_view() sekarang...
[2026-09-11 05:40:29] render_view() SELESAI dipanggil, gak exception (bukan berarti tampilannya bener, cuma bukti gak crash di titik ini)
[2026-09-11 05:40:29] render_checklist_report_inner() BERES tanpa exception (format=excel)
[2026-09-11 05:40:29] shutdown handler jalan, TIDAK ada fatal error tercatat (format=excel)
[2026-09-11 05:41:36] index() called | format mentah='EXCEL' | format lowercase='excel' | bulan='8tahun=2026' | tahun=NULL
[2026-09-11 05:41:36] format cocok ('excel') -> masuk render_checklist_report()
[2026-09-11 05:41:36] render_checklist_report() mulai | format=excel
[2026-09-11 05:41:36] inner() mulai | bulan=8 tahun=2026 day_count=31
[2026-09-11 05:41:36] query selesai | jumlah row=12 | lastError=NULL
[2026-09-11 05:41:36] data siap, pelaksana terisi utk 12 hari. Mau panggil render_view() sekarang...
[2026-09-11 05:41:36] render_view() SELESAI dipanggil, gak exception (bukan berarti tampilannya bener, cuma bukti gak crash di titik ini)
[2026-09-11 05:41:36] render_checklist_report_inner() BERES tanpa exception (format=excel)
[2026-09-11 05:41:36] shutdown handler jalan, TIDAK ada fatal error tercatat (format=excel)
[2026-09-11 05:42:09] index() called | format mentah='excel' | format lowercase='excel' | bulan='8' | tahun='2026'
[2026-09-11 05:42:09] format cocok ('excel') -> masuk render_checklist_report()
[2026-09-11 05:42:09] render_checklist_report() mulai | format=excel
[2026-09-11 05:42:09] inner() mulai | bulan=8 tahun=2026 day_count=31
[2026-09-11 05:42:09] query selesai | jumlah row=12 | lastError=NULL
[2026-09-11 05:42:09] data siap, pelaksana terisi utk 12 hari. Mau panggil render_view() sekarang...
[2026-09-11 05:42:09] render_view() SELESAI dipanggil, gak exception (bukan berarti tampilannya bener, cuma bukti gak crash di titik ini)
[2026-09-11 05:42:09] render_checklist_report_inner() BERES tanpa exception (format=excel)
[2026-09-11 05:42:10] shutdown handler jalan, TIDAK ada fatal error tercatat (format=excel)
[2026-09-11 05:46:34] index() called | format mentah=NULL | format lowercase='' | bulan=NULL | tahun=NULL
[2026-09-11 05:46:34] format TIDAK cocok kondisi kita (raw=NULL) -> lanjut ke logic list() normal di bawah
[2026-09-11 05:46:36] index() called | format mentah=NULL | format lowercase='' | bulan=NULL | tahun=NULL
[2026-09-11 05:46:36] format TIDAK cocok kondisi kita (raw=NULL) -> lanjut ke logic list() normal di bawah
[2026-09-11 05:46:39] index() called | format mentah='excel' | format lowercase='excel' | bulan=NULL | tahun=NULL
[2026-09-11 05:46:39] format cocok ('excel') -> masuk render_checklist_report()
[2026-09-11 05:46:39] render_checklist_report() mulai | format=excel
[2026-09-11 05:46:39] inner() mulai | bulan=9 tahun=2026 day_count=30
[2026-09-11 05:46:39] query selesai | jumlah row=0 | lastError=NULL
[2026-09-11 05:46:39] data siap, pelaksana terisi utk 0 hari. Mau panggil render_view() sekarang...
[2026-09-11 05:46:39] render_view() SELESAI dipanggil, gak exception (bukan berarti tampilannya bener, cuma bukti gak crash di titik ini)
[2026-09-11 05:46:39] render_checklist_report_inner() BERES tanpa exception (format=excel)
[2026-09-11 05:46:39] shutdown handler jalan, TIDAK ada fatal error tercatat (format=excel)
[2026-09-11 05:47:03] index() called | format mentah='excel' | format lowercase='excel' | bulan='8tahun=2026' | tahun=NULL
[2026-09-11 05:47:03] format cocok ('excel') -> masuk render_checklist_report()
[2026-09-11 05:47:03] render_checklist_report() mulai | format=excel
[2026-09-11 05:47:03] inner() mulai | bulan=8 tahun=2026 day_count=31
[2026-09-11 05:47:03] query selesai | jumlah row=12 | lastError=NULL
[2026-09-11 05:47:03] data siap, pelaksana terisi utk 12 hari. Mau panggil render_view() sekarang...
[2026-09-11 05:47:03] render_view() SELESAI dipanggil, gak exception (bukan berarti tampilannya bener, cuma bukti gak crash di titik ini)
[2026-09-11 05:47:03] render_checklist_report_inner() BERES tanpa exception (format=excel)
[2026-09-11 05:47:03] shutdown handler jalan, TIDAK ada fatal error tercatat (format=excel)
[2026-09-11 05:50:16] index() called | format mentah='excel' | format lowercase='excel' | bulan='8' | tahun='2026'
[2026-09-11 05:50:16] format cocok ('excel') -> masuk render_checklist_report()
[2026-09-11 05:50:16] render_checklist_report() mulai | format=excel
[2026-09-11 05:50:16] inner() mulai | bulan=8 tahun=2026 day_count=31
[2026-09-11 05:50:16] query selesai | jumlah row=12 | lastError=NULL
[2026-09-11 05:50:16] data siap, pelaksana terisi utk 12 hari. Mau panggil render_view() sekarang...
[2026-09-11 05:50:16] render_view() SELESAI dipanggil, gak exception (bukan berarti tampilannya bener, cuma bukti gak crash di titik ini)
[2026-09-11 05:50:16] render_checklist_report_inner() BERES tanpa exception (format=excel)
[2026-09-11 05:50:16] shutdown handler jalan, TIDAK ada fatal error tercatat (format=excel)
[2026-09-11 05:50:49] index() called | format mentah='excel' | format lowercase='excel' | bulan=NULL | tahun=NULL
[2026-09-11 05:50:49] format cocok ('excel') -> masuk render_checklist_report()
[2026-09-11 05:50:49] render_checklist_report() mulai | format=excel
[2026-09-11 05:50:49] inner() mulai | bulan=9 tahun=2026 day_count=30
[2026-09-11 05:50:49] query selesai | jumlah row=0 | lastError=NULL
[2026-09-11 05:50:49] data siap, pelaksana terisi utk 0 hari. Mau panggil render_view() sekarang...
[2026-09-11 05:50:49] render_view() SELESAI dipanggil, gak exception (bukan berarti tampilannya bener, cuma bukti gak crash di titik ini)
[2026-09-11 05:50:49] render_checklist_report_inner() BERES tanpa exception (format=excel)
[2026-09-11 05:50:49] shutdown handler jalan, TIDAK ada fatal error tercatat (format=excel)
[2026-09-11 06:27:01] index() called | format mentah=NULL | format lowercase='' | bulan=NULL | tahun=NULL
[2026-09-11 06:27:01] format TIDAK cocok kondisi kita (raw=NULL) -> lanjut ke logic list() normal di bawah
[2026-09-11 06:27:01] index() called | format mentah=NULL | format lowercase='' | bulan=NULL | tahun=NULL
[2026-09-11 06:27:01] format TIDAK cocok kondisi kita (raw=NULL) -> lanjut ke logic list() normal di bawah
[2026-09-11 06:27:01] index() called | format mentah=NULL | format lowercase='' | bulan=NULL | tahun=NULL
[2026-09-11 06:27:01] format TIDAK cocok kondisi kita (raw=NULL) -> lanjut ke logic list() normal di bawah
[2026-09-11 06:27:01] index() called | format mentah=NULL | format lowercase='' | bulan=NULL | tahun=NULL
[2026-09-11 06:27:01] format TIDAK cocok kondisi kita (raw=NULL) -> lanjut ke logic list() normal di bawah
[2026-09-11 06:27:01] index() called | format mentah=NULL | format lowercase='' | bulan=NULL | tahun=NULL
[2026-09-11 06:27:01] format TIDAK cocok kondisi kita (raw=NULL) -> lanjut ke logic list() normal di bawah
[2026-09-11 06:30:05] index() called | format mentah=NULL | format lowercase='' | bulan=NULL | tahun=NULL
[2026-09-11 06:30:05] format TIDAK cocok kondisi kita (raw=NULL) -> lanjut ke logic list() normal di bawah
[2026-09-11 09:23:12] index() called | format mentah=NULL | format lowercase='' | bulan=NULL | tahun=NULL
[2026-09-11 09:23:12] format TIDAK cocok kondisi kita (raw=NULL) -> lanjut ke logic list() normal di bawah
[2026-09-11 09:23:14] index() called | format mentah=NULL | format lowercase='' | bulan=NULL | tahun=NULL
[2026-09-11 09:23:14] format TIDAK cocok kondisi kita (raw=NULL) -> lanjut ke logic list() normal di bawah
[2026-09-11 09:23:14] index() called | format mentah=NULL | format lowercase='' | bulan=NULL | tahun=NULL
[2026-09-11 09:23:14] format TIDAK cocok kondisi kita (raw=NULL) -> lanjut ke logic list() normal di bawah
[2026-09-11 09:23:14] index() called | format mentah=NULL | format lowercase='' | bulan=NULL | tahun=NULL
[2026-09-11 09:23:14] format TIDAK cocok kondisi kita (raw=NULL) -> lanjut ke logic list() normal di bawah
[2026-09-11 09:23:14] index() called | format mentah=NULL | format lowercase='' | bulan=NULL | tahun=NULL
[2026-09-11 09:23:14] format TIDAK cocok kondisi kita (raw=NULL) -> lanjut ke logic list() normal di bawah
[2026-09-11 09:23:14] index() called | format mentah=NULL | format lowercase='' | bulan=NULL | tahun=NULL
[2026-09-11 09:23:14] format TIDAK cocok kondisi kita (raw=NULL) -> lanjut ke logic list() normal di bawah
[2026-09-11 09:23:14] index() called | format mentah=NULL | format lowercase='' | bulan=NULL | tahun=NULL
[2026-09-11 09:23:14] format TIDAK cocok kondisi kita (raw=NULL) -> lanjut ke logic list() normal di bawah
[2026-09-11 09:23:14] index() called | format mentah=NULL | format lowercase='' | bulan=NULL | tahun=NULL
[2026-09-11 09:23:14] format TIDAK cocok kondisi kita (raw=NULL) -> lanjut ke logic list() normal di bawah
[2026-09-11 09:23:14] index() called | format mentah=NULL | format lowercase='' | bulan=NULL | tahun=NULL
[2026-09-11 09:23:14] format TIDAK cocok kondisi kita (raw=NULL) -> lanjut ke logic list() normal di bawah
[2026-09-11 09:23:14] index() called | format mentah=NULL | format lowercase='' | bulan=NULL | tahun=NULL
[2026-09-11 09:23:14] format TIDAK cocok kondisi kita (raw=NULL) -> lanjut ke logic list() normal di bawah
[2026-09-11 09:23:14] index() called | format mentah=NULL | format lowercase='' | bulan=NULL | tahun=NULL
[2026-09-11 09:23:14] format TIDAK cocok kondisi kita (raw=NULL) -> lanjut ke logic list() normal di bawah
[2026-09-11 09:23:14] index() called | format mentah=NULL | format lowercase='' | bulan=NULL | tahun=NULL
[2026-09-11 09:23:14] format TIDAK cocok kondisi kita (raw=NULL) -> lanjut ke logic list() normal di bawah
[2026-09-11 09:23:14] index() called | format mentah=NULL | format lowercase='' | bulan=NULL | tahun=NULL
[2026-09-11 09:23:14] format TIDAK cocok kondisi kita (raw=NULL) -> lanjut ke logic list() normal di bawah
[2026-09-11 09:23:14] index() called | format mentah=NULL | format lowercase='' | bulan=NULL | tahun=NULL
[2026-09-11 09:23:14] format TIDAK cocok kondisi kita (raw=NULL) -> lanjut ke logic list() normal di bawah
[2026-09-11 09:23:14] index() called | format mentah=NULL | format lowercase='' | bulan=NULL | tahun=NULL
[2026-09-11 09:23:14] format TIDAK cocok kondisi kita (raw=NULL) -> lanjut ke logic list() normal di bawah
[2026-09-11 09:23:14] index() called | format mentah=NULL | format lowercase='' | bulan=NULL | tahun=NULL
[2026-09-11 09:23:14] format TIDAK cocok kondisi kita (raw=NULL) -> lanjut ke logic list() normal di bawah
[2026-09-11 09:23:14] index() called | format mentah=NULL | format lowercase='' | bulan=NULL | tahun=NULL
[2026-09-11 09:23:14] format TIDAK cocok kondisi kita (raw=NULL) -> lanjut ke logic list() normal di bawah
[2026-09-11 09:23:14] index() called | format mentah=NULL | format lowercase='' | bulan=NULL | tahun=NULL
[2026-09-11 09:23:14] format TIDAK cocok kondisi kita (raw=NULL) -> lanjut ke logic list() normal di bawah
[2026-09-11 09:23:14] index() called | format mentah=NULL | format lowercase='' | bulan=NULL | tahun=NULL
[2026-09-11 09:23:14] format TIDAK cocok kondisi kita (raw=NULL) -> lanjut ke logic list() normal di bawah
[2026-09-11 09:23:14] index() called | format mentah=NULL | format lowercase='' | bulan=NULL | tahun=NULL
[2026-09-11 09:23:14] format TIDAK cocok kondisi kita (raw=NULL) -> lanjut ke logic list() normal di bawah
[2026-09-11 09:23:14] index() called | format mentah=NULL | format lowercase='' | bulan=NULL | tahun=NULL
[2026-09-11 09:23:14] format TIDAK cocok kondisi kita (raw=NULL) -> lanjut ke logic list() normal di bawah
[2026-09-11 09:23:14] index() called | format mentah=NULL | format lowercase='' | bulan=NULL | tahun=NULL
[2026-09-11 09:23:14] format TIDAK cocok kondisi kita (raw=NULL) -> lanjut ke logic list() normal di bawah
[2026-09-11 09:23:14] index() called | format mentah=NULL | format lowercase='' | bulan=NULL | tahun=NULL
[2026-09-11 09:23:14] format TIDAK cocok kondisi kita (raw=NULL) -> lanjut ke logic list() normal di bawah
[2026-09-11 09:23:14] index() called | format mentah=NULL | format lowercase='' | bulan=NULL | tahun=NULL
[2026-09-11 09:23:14] format TIDAK cocok kondisi kita (raw=NULL) -> lanjut ke logic list() normal di bawah
[2026-09-11 09:23:14] index() called | format mentah=NULL | format lowercase='' | bulan=NULL | tahun=NULL
[2026-09-11 09:23:14] format TIDAK cocok kondisi kita (raw=NULL) -> lanjut ke logic list() normal di bawah
[2026-09-11 09:23:15] index() called | format mentah=NULL | format lowercase='' | bulan=NULL | tahun=NULL
[2026-09-11 09:23:15] format TIDAK cocok kondisi kita (raw=NULL) -> lanjut ke logic list() normal di bawah
[2026-09-11 09:23:15] index() called | format mentah=NULL | format lowercase='' | bulan=NULL | tahun=NULL
[2026-09-11 09:23:15] format TIDAK cocok kondisi kita (raw=NULL) -> lanjut ke logic list() normal di bawah
[2026-09-11 09:23:15] index() called | format mentah=NULL | format lowercase='' | bulan=NULL | tahun=NULL
[2026-09-11 09:23:15] format TIDAK cocok kondisi kita (raw=NULL) -> lanjut ke logic list() normal di bawah
[2026-09-11 09:23:15] index() called | format mentah=NULL | format lowercase='' | bulan=NULL | tahun=NULL
[2026-09-11 09:23:15] format TIDAK cocok kondisi kita (raw=NULL) -> lanjut ke logic list() normal di bawah
[2026-09-11 09:23:15] index() called | format mentah=NULL | format lowercase='' | bulan=NULL | tahun=NULL
[2026-09-11 09:23:15] format TIDAK cocok kondisi kita (raw=NULL) -> lanjut ke logic list() normal di bawah
[2026-09-11 09:23:15] index() called | format mentah=NULL | format lowercase='' | bulan=NULL | tahun=NULL
[2026-09-11 09:23:15] format TIDAK cocok kondisi kita (raw=NULL) -> lanjut ke logic list() normal di bawah
[2026-09-11 09:23:15] index() called | format mentah=NULL | format lowercase='' | bulan=NULL | tahun=NULL
[2026-09-11 09:23:15] format TIDAK cocok kondisi kita (raw=NULL) -> lanjut ke logic list() normal di bawah
[2026-09-11 09:23:15] index() called | format mentah=NULL | format lowercase='' | bulan=NULL | tahun=NULL
[2026-09-11 09:23:15] format TIDAK cocok kondisi kita (raw=NULL) -> lanjut ke logic list() normal di bawah
[2026-09-11 09:23:15] index() called | format mentah=NULL | format lowercase='' | bulan=NULL | tahun=NULL
[2026-09-11 09:23:15] format TIDAK cocok kondisi kita (raw=NULL) -> lanjut ke logic list() normal di bawah
[2026-09-11 09:23:15] index() called | format mentah=NULL | format lowercase='' | bulan=NULL | tahun=NULL
[2026-09-11 09:23:15] format TIDAK cocok kondisi kita (raw=NULL) -> lanjut ke logic list() normal di bawah
[2026-09-11 09:23:15] index() called | format mentah=NULL | format lowercase='' | bulan=NULL | tahun=NULL
[2026-09-11 09:23:15] format TIDAK cocok kondisi kita (raw=NULL) -> lanjut ke logic list() normal di bawah
[2026-09-11 09:23:15] index() called | format mentah=NULL | format lowercase='' | bulan=NULL | tahun=NULL
[2026-09-11 09:23:15] format TIDAK cocok kondisi kita (raw=NULL) -> lanjut ke logic list() normal di bawah
[2026-09-11 09:23:15] index() called | format mentah=NULL | format lowercase='' | bulan=NULL | tahun=NULL
[2026-09-11 09:23:15] format TIDAK cocok kondisi kita (raw=NULL) -> lanjut ke logic list() normal di bawah
[2026-09-11 09:23:15] index() called | format mentah=NULL | format lowercase='' | bulan=NULL | tahun=NULL
[2026-09-11 09:23:15] format TIDAK cocok kondisi kita (raw=NULL) -> lanjut ke logic list() normal di bawah
[2026-09-11 09:23:15] index() called | format mentah=NULL | format lowercase='' | bulan=NULL | tahun=NULL
[2026-09-11 09:23:15] format TIDAK cocok kondisi kita (raw=NULL) -> lanjut ke logic list() normal di bawah
[2026-09-11 09:23:15] index() called | format mentah=NULL | format lowercase='' | bulan=NULL | tahun=NULL
[2026-09-11 09:23:15] format TIDAK cocok kondisi kita (raw=NULL) -> lanjut ke logic list() normal di bawah
[2026-09-11 09:23:15] index() called | format mentah=NULL | format lowercase='' | bulan=NULL | tahun=NULL
[2026-09-11 09:23:15] format TIDAK cocok kondisi kita (raw=NULL) -> lanjut ke logic list() normal di bawah
[2026-09-11 09:23:15] index() called | format mentah=NULL | format lowercase='' | bulan=NULL | tahun=NULL
[2026-09-11 09:23:15] format TIDAK cocok kondisi kita (raw=NULL) -> lanjut ke logic list() normal di bawah
[2026-09-11 09:23:15] index() called | format mentah=NULL | format lowercase='' | bulan=NULL | tahun=NULL
[2026-09-11 09:23:15] format TIDAK cocok kondisi kita (raw=NULL) -> lanjut ke logic list() normal di bawah
[2026-09-11 09:23:15] index() called | format mentah=NULL | format lowercase='' | bulan=NULL | tahun=NULL
[2026-09-11 09:23:15] format TIDAK cocok kondisi kita (raw=NULL) -> lanjut ke logic list() normal di bawah
[2026-09-11 09:23:18] index() called | format mentah=NULL | format lowercase='' | bulan=NULL | tahun=NULL
[2026-09-11 09:23:18] format TIDAK cocok kondisi kita (raw=NULL) -> lanjut ke logic list() normal di bawah
[2026-09-11 09:23:18] index() called | format mentah=NULL | format lowercase='' | bulan=NULL | tahun=NULL
[2026-09-11 09:23:18] format TIDAK cocok kondisi kita (raw=NULL) -> lanjut ke logic list() normal di bawah
[2026-09-11 09:23:18] index() called | format mentah=NULL | format lowercase='' | bulan=NULL | tahun=NULL
[2026-09-11 09:23:18] format TIDAK cocok kondisi kita (raw=NULL) -> lanjut ke logic list() normal di bawah
[2026-09-11 09:23:18] index() called | format mentah=NULL | format lowercase='' | bulan=NULL | tahun=NULL
[2026-09-11 09:23:18] format TIDAK cocok kondisi kita (raw=NULL) -> lanjut ke logic list() normal di bawah
[2026-09-11 09:23:18] index() called | format mentah=NULL | format lowercase='' | bulan=NULL | tahun=NULL
[2026-09-11 09:23:18] format TIDAK cocok kondisi kita (raw=NULL) -> lanjut ke logic list() normal di bawah
[2026-09-11 09:23:19] index() called | format mentah=NULL | format lowercase='' | bulan=NULL | tahun=NULL
[2026-09-11 09:23:19] format TIDAK cocok kondisi kita (raw=NULL) -> lanjut ke logic list() normal di bawah
[2026-09-11 09:23:19] index() called | format mentah=NULL | format lowercase='' | bulan=NULL | tahun=NULL
[2026-09-11 09:23:19] format TIDAK cocok kondisi kita (raw=NULL) -> lanjut ke logic list() normal di bawah
[2026-09-11 09:23:19] index() called | format mentah=NULL | format lowercase='' | bulan=NULL | tahun=NULL
[2026-09-11 09:23:19] format TIDAK cocok kondisi kita (raw=NULL) -> lanjut ke logic list() normal di bawah
[2026-09-11 09:23:19] index() called | format mentah=NULL | format lowercase='' | bulan=NULL | tahun=NULL
[2026-09-11 09:23:19] format TIDAK cocok kondisi kita (raw=NULL) -> lanjut ke logic list() normal di bawah
[2026-09-11 09:23:19] index() called | format mentah=NULL | format lowercase='' | bulan=NULL | tahun=NULL
[2026-09-11 09:23:19] format TIDAK cocok kondisi kita (raw=NULL) -> lanjut ke logic list() normal di bawah
[2026-09-11 09:23:19] index() called | format mentah=NULL | format lowercase='' | bulan=NULL | tahun=NULL
[2026-09-11 09:23:19] format TIDAK cocok kondisi kita (raw=NULL) -> lanjut ke logic list() normal di bawah
[2026-09-11 09:23:19] index() called | format mentah=NULL | format lowercase='' | bulan=NULL | tahun=NULL
[2026-09-11 09:23:19] format TIDAK cocok kondisi kita (raw=NULL) -> lanjut ke logic list() normal di bawah
[2026-09-11 09:23:19] index() called | format mentah=NULL | format lowercase='' | bulan=NULL | tahun=NULL
[2026-09-11 09:23:19] format TIDAK cocok kondisi kita (raw=NULL) -> lanjut ke logic list() normal di bawah
[2026-09-11 09:23:19] index() called | format mentah=NULL | format lowercase='' | bulan=NULL | tahun=NULL
[2026-09-11 09:23:19] format TIDAK cocok kondisi kita (raw=NULL) -> lanjut ke logic list() normal di bawah
[2026-09-11 09:23:19] index() called | format mentah=NULL | format lowercase='' | bulan=NULL | tahun=NULL
[2026-09-11 09:23:19] format TIDAK cocok kondisi kita (raw=NULL) -> lanjut ke logic list() normal di bawah
[2026-09-11 09:23:19] index() called | format mentah=NULL | format lowercase='' | bulan=NULL | tahun=NULL
[2026-09-11 09:23:19] format TIDAK cocok kondisi kita (raw=NULL) -> lanjut ke logic list() normal di bawah
[2026-09-11 09:23:19] index() called | format mentah=NULL | format lowercase='' | bulan=NULL | tahun=NULL
[2026-09-11 09:23:19] format TIDAK cocok kondisi kita (raw=NULL) -> lanjut ke logic list() normal di bawah
[2026-09-11 09:23:19] index() called | format mentah=NULL | format lowercase='' | bulan=NULL | tahun=NULL
[2026-09-11 09:23:19] format TIDAK cocok kondisi kita (raw=NULL) -> lanjut ke logic list() normal di bawah
[2026-09-11 09:23:19] index() called | format mentah=NULL | format lowercase='' | bulan=NULL | tahun=NULL
[2026-09-11 09:23:19] format TIDAK cocok kondisi kita (raw=NULL) -> lanjut ke logic list() normal di bawah
[2026-09-11 09:23:19] index() called | format mentah=NULL | format lowercase='' | bulan=NULL | tahun=NULL
[2026-09-11 09:23:19] format TIDAK cocok kondisi kita (raw=NULL) -> lanjut ke logic list() normal di bawah
[2026-09-11 09:23:19] index() called | format mentah=NULL | format lowercase='' | bulan=NULL | tahun=NULL
[2026-09-11 09:23:19] format TIDAK cocok kondisi kita (raw=NULL) -> lanjut ke logic list() normal di bawah
[2026-09-11 09:23:19] index() called | format mentah=NULL | format lowercase='' | bulan=NULL | tahun=NULL
[2026-09-11 09:23:19] format TIDAK cocok kondisi kita (raw=NULL) -> lanjut ke logic list() normal di bawah
[2026-09-11 09:23:19] index() called | format mentah=NULL | format lowercase='' | bulan=NULL | tahun=NULL
[2026-09-11 09:23:19] format TIDAK cocok kondisi kita (raw=NULL) -> lanjut ke logic list() normal di bawah
[2026-09-11 09:23:19] index() called | format mentah=NULL | format lowercase='' | bulan=NULL | tahun=NULL
[2026-09-11 09:23:19] format TIDAK cocok kondisi kita (raw=NULL) -> lanjut ke logic list() normal di bawah
[2026-09-11 09:23:19] index() called | format mentah=NULL | format lowercase='' | bulan=NULL | tahun=NULL
[2026-09-11 09:23:19] format TIDAK cocok kondisi kita (raw=NULL) -> lanjut ke logic list() normal di bawah
[2026-09-11 09:23:19] index() called | format mentah=NULL | format lowercase='' | bulan=NULL | tahun=NULL
[2026-09-11 09:23:19] format TIDAK cocok kondisi kita (raw=NULL) -> lanjut ke logic list() normal di bawah
[2026-09-11 09:23:19] index() called | format mentah=NULL | format lowercase='' | bulan=NULL | tahun=NULL
[2026-09-11 09:23:19] format TIDAK cocok kondisi kita (raw=NULL) -> lanjut ke logic list() normal di bawah
[2026-09-11 09:23:19] index() called | format mentah=NULL | format lowercase='' | bulan=NULL | tahun=NULL
[2026-09-11 09:23:19] format TIDAK cocok kondisi kita (raw=NULL) -> lanjut ke logic list() normal di bawah
[2026-09-11 09:23:19] index() called | format mentah=NULL | format lowercase='' | bulan=NULL | tahun=NULL
[2026-09-11 09:23:19] format TIDAK cocok kondisi kita (raw=NULL) -> lanjut ke logic list() normal di bawah
[2026-09-11 09:23:19] index() called | format mentah=NULL | format lowercase='' | bulan=NULL | tahun=NULL
[2026-09-11 09:23:19] format TIDAK cocok kondisi kita (raw=NULL) -> lanjut ke logic list() normal di bawah
[2026-09-11 09:23:19] index() called | format mentah=NULL | format lowercase='' | bulan=NULL | tahun=NULL
[2026-09-11 09:23:19] format TIDAK cocok kondisi kita (raw=NULL) -> lanjut ke logic list() normal di bawah
[2026-09-11 09:23:19] index() called | format mentah=NULL | format lowercase='' | bulan=NULL | tahun=NULL
[2026-09-11 09:23:19] format TIDAK cocok kondisi kita (raw=NULL) -> lanjut ke logic list() normal di bawah
[2026-09-11 09:23:19] index() called | format mentah=NULL | format lowercase='' | bulan=NULL | tahun=NULL
[2026-09-11 09:23:19] format TIDAK cocok kondisi kita (raw=NULL) -> lanjut ke logic list() normal di bawah
[2026-09-11 09:23:19] index() called | format mentah=NULL | format lowercase='' | bulan=NULL | tahun=NULL
[2026-09-11 09:23:19] format TIDAK cocok kondisi kita (raw=NULL) -> lanjut ke logic list() normal di bawah
[2026-09-11 09:23:19] index() called | format mentah=NULL | format lowercase='' | bulan=NULL | tahun=NULL
[2026-09-11 09:23:19] format TIDAK cocok kondisi kita (raw=NULL) -> lanjut ke logic list() normal di bawah
[2026-09-11 09:23:19] index() called | format mentah=NULL | format lowercase='' | bulan=NULL | tahun=NULL
[2026-09-11 09:23:19] format TIDAK cocok kondisi kita (raw=NULL) -> lanjut ke logic list() normal di bawah
[2026-09-11 09:23:19] index() called | format mentah=NULL | format lowercase='' | bulan=NULL | tahun=NULL
[2026-09-11 09:23:19] format TIDAK cocok kondisi kita (raw=NULL) -> lanjut ke logic list() normal di bawah
[2026-09-11 09:23:19] index() called | format mentah=NULL | format lowercase='' | bulan=NULL | tahun=NULL
[2026-09-11 09:23:19] format TIDAK cocok kondisi kita (raw=NULL) -> lanjut ke logic list() normal di bawah
[2026-09-11 09:23:19] index() called | format mentah=NULL | format lowercase='' | bulan=NULL | tahun=NULL
[2026-09-11 09:23:19] format TIDAK cocok kondisi kita (raw=NULL) -> lanjut ke logic list() normal di bawah
[2026-09-11 09:23:19] index() called | format mentah=NULL | format lowercase='' | bulan=NULL | tahun=NULL
[2026-09-11 09:23:19] format TIDAK cocok kondisi kita (raw=NULL) -> lanjut ke logic list() normal di bawah
[2026-09-11 09:23:19] index() called | format mentah=NULL | format lowercase='' | bulan=NULL | tahun=NULL
[2026-09-11 09:23:19] format TIDAK cocok kondisi kita (raw=NULL) -> lanjut ke logic list() normal di bawah
[2026-09-11 09:23:19] index() called | format mentah=NULL | format lowercase='' | bulan=NULL | tahun=NULL
[2026-09-11 09:23:19] format TIDAK cocok kondisi kita (raw=NULL) -> lanjut ke logic list() normal di bawah
[2026-09-11 09:23:19] index() called | format mentah=NULL | format lowercase='' | bulan=NULL | tahun=NULL
[2026-09-11 09:23:19] format TIDAK cocok kondisi kita (raw=NULL) -> lanjut ke logic list() normal di bawah
[2026-09-11 09:23:19] index() called | format mentah=NULL | format lowercase='' | bulan=NULL | tahun=NULL
[2026-09-11 09:23:19] format TIDAK cocok kondisi kita (raw=NULL) -> lanjut ke logic list() normal di bawah
[2026-09-11 09:23:19] index() called | format mentah=NULL | format lowercase='' | bulan=NULL | tahun=NULL
[2026-09-11 09:23:19] format TIDAK cocok kondisi kita (raw=NULL) -> lanjut ke logic list() normal di bawah
[2026-09-11 09:24:35] index() called | format mentah=NULL | format lowercase='' | bulan=NULL | tahun=NULL
[2026-09-11 09:24:35] format TIDAK cocok kondisi kita (raw=NULL) -> lanjut ke logic list() normal di bawah
[2026-09-11 09:24:35] index() called | format mentah=NULL | format lowercase='' | bulan=NULL | tahun=NULL
[2026-09-11 09:24:35] format TIDAK cocok kondisi kita (raw=NULL) -> lanjut ke logic list() normal di bawah
[2026-09-11 09:24:36] index() called | format mentah=NULL | format lowercase='' | bulan=NULL | tahun=NULL
[2026-09-11 09:24:36] format TIDAK cocok kondisi kita (raw=NULL) -> lanjut ke logic list() normal di bawah
[2026-09-11 09:24:36] index() called | format mentah=NULL | format lowercase='' | bulan=NULL | tahun=NULL
[2026-09-11 09:24:36] format TIDAK cocok kondisi kita (raw=NULL) -> lanjut ke logic list() normal di bawah
[2026-09-11 09:24:36] index() called | format mentah=NULL | format lowercase='' | bulan=NULL | tahun=NULL
[2026-09-11 09:24:36] format TIDAK cocok kondisi kita (raw=NULL) -> lanjut ke logic list() normal di bawah
[2026-09-11 09:24:36] index() called | format mentah=NULL | format lowercase='' | bulan=NULL | tahun=NULL
[2026-09-11 09:24:36] format TIDAK cocok kondisi kita (raw=NULL) -> lanjut ke logic list() normal di bawah
[2026-09-11 09:24:36] index() called | format mentah=NULL | format lowercase='' | bulan=NULL | tahun=NULL
[2026-09-11 09:24:36] format TIDAK cocok kondisi kita (raw=NULL) -> lanjut ke logic list() normal di bawah
[2026-09-11 09:24:36] index() called | format mentah=NULL | format lowercase='' | bulan=NULL | tahun=NULL
[2026-09-11 09:24:36] format TIDAK cocok kondisi kita (raw=NULL) -> lanjut ke logic list() normal di bawah
[2026-09-11 09:24:36] index() called | format mentah=NULL | format lowercase='' | bulan=NULL | tahun=NULL
[2026-09-11 09:24:36] format TIDAK cocok kondisi kita (raw=NULL) -> lanjut ke logic list() normal di bawah
[2026-09-11 09:24:36] index() called | format mentah=NULL | format lowercase='' | bulan=NULL | tahun=NULL
[2026-09-11 09:24:36] format TIDAK cocok kondisi kita (raw=NULL) -> lanjut ke logic list() normal di bawah
[2026-09-11 09:24:36] index() called | format mentah=NULL | format lowercase='' | bulan=NULL | tahun=NULL
[2026-09-11 09:24:36] format TIDAK cocok kondisi kita (raw=NULL) -> lanjut ke logic list() normal di bawah
[2026-09-11 09:24:36] index() called | format mentah=NULL | format lowercase='' | bulan=NULL | tahun=NULL
[2026-09-11 09:24:36] format TIDAK cocok kondisi kita (raw=NULL) -> lanjut ke logic list() normal di bawah
[2026-09-11 09:24:36] index() called | format mentah=NULL | format lowercase='' | bulan=NULL | tahun=NULL
[2026-09-11 09:24:36] format TIDAK cocok kondisi kita (raw=NULL) -> lanjut ke logic list() normal di bawah
[2026-09-11 09:24:36] index() called | format mentah=NULL | format lowercase='' | bulan=NULL | tahun=NULL
[2026-09-11 09:24:36] format TIDAK cocok kondisi kita (raw=NULL) -> lanjut ke logic list() normal di bawah
[2026-09-11 09:24:36] index() called | format mentah=NULL | format lowercase='' | bulan=NULL | tahun=NULL
[2026-09-11 09:24:36] format TIDAK cocok kondisi kita (raw=NULL) -> lanjut ke logic list() normal di bawah
[2026-09-11 09:24:36] index() called | format mentah=NULL | format lowercase='' | bulan=NULL | tahun=NULL
[2026-09-11 09:24:36] format TIDAK cocok kondisi kita (raw=NULL) -> lanjut ke logic list() normal di bawah
[2026-09-11 09:24:36] index() called | format mentah=NULL | format lowercase='' | bulan=NULL | tahun=NULL
[2026-09-11 09:24:36] format TIDAK cocok kondisi kita (raw=NULL) -> lanjut ke logic list() normal di bawah
[2026-09-11 09:24:36] index() called | format mentah=NULL | format lowercase='' | bulan=NULL | tahun=NULL
[2026-09-11 09:24:36] format TIDAK cocok kondisi kita (raw=NULL) -> lanjut ke logic list() normal di bawah
[2026-09-11 09:24:36] index() called | format mentah=NULL | format lowercase='' | bulan=NULL | tahun=NULL
[2026-09-11 09:24:36] format TIDAK cocok kondisi kita (raw=NULL) -> lanjut ke logic list() normal di bawah
[2026-09-11 09:24:36] index() called | format mentah=NULL | format lowercase='' | bulan=NULL | tahun=NULL
[2026-09-11 09:24:36] format TIDAK cocok kondisi kita (raw=NULL) -> lanjut ke logic list() normal di bawah
[2026-09-11 09:24:36] index() called | format mentah=NULL | format lowercase='' | bulan=NULL | tahun=NULL
[2026-09-11 09:24:36] format TIDAK cocok kondisi kita (raw=NULL) -> lanjut ke logic list() normal di bawah
[2026-09-11 09:24:36] index() called | format mentah=NULL | format lowercase='' | bulan=NULL | tahun=NULL
[2026-09-11 09:24:36] format TIDAK cocok kondisi kita (raw=NULL) -> lanjut ke logic list() normal di bawah
[2026-09-11 09:26:12] index() called | format mentah=NULL | format lowercase='' | bulan=NULL | tahun=NULL
[2026-09-11 09:26:12] format TIDAK cocok kondisi kita (raw=NULL) -> lanjut ke logic list() normal di bawah
[2026-09-11 09:26:12] index() called | format mentah=NULL | format lowercase='' | bulan=NULL | tahun=NULL
[2026-09-11 09:26:12] format TIDAK cocok kondisi kita (raw=NULL) -> lanjut ke logic list() normal di bawah
[2026-09-11 09:26:12] index() called | format mentah=NULL | format lowercase='' | bulan=NULL | tahun=NULL
[2026-09-11 09:26:12] format TIDAK cocok kondisi kita (raw=NULL) -> lanjut ke logic list() normal di bawah
[2026-09-11 09:26:12] index() called | format mentah=NULL | format lowercase='' | bulan=NULL | tahun=NULL
[2026-09-11 09:26:12] format TIDAK cocok kondisi kita (raw=NULL) -> lanjut ke logic list() normal di bawah
[2026-09-11 09:26:12] index() called | format mentah=NULL | format lowercase='' | bulan=NULL | tahun=NULL
[2026-09-11 09:26:12] format TIDAK cocok kondisi kita (raw=NULL) -> lanjut ke logic list() normal di bawah
[2026-09-11 09:26:12] index() called | format mentah=NULL | format lowercase='' | bulan=NULL | tahun=NULL
[2026-09-11 09:26:12] format TIDAK cocok kondisi kita (raw=NULL) -> lanjut ke logic list() normal di bawah
[2026-09-11 09:26:12] index() called | format mentah=NULL | format lowercase='' | bulan=NULL | tahun=NULL
[2026-09-11 09:26:12] format TIDAK cocok kondisi kita (raw=NULL) -> lanjut ke logic list() normal di bawah
[2026-09-11 09:26:12] index() called | format mentah=NULL | format lowercase='' | bulan=NULL | tahun=NULL
[2026-09-11 09:26:12] format TIDAK cocok kondisi kita (raw=NULL) -> lanjut ke logic list() normal di bawah
[2026-09-11 09:26:12] index() called | format mentah=NULL | format lowercase='' | bulan=NULL | tahun=NULL
[2026-09-11 09:26:12] format TIDAK cocok kondisi kita (raw=NULL) -> lanjut ke logic list() normal di bawah
[2026-09-11 09:26:13] index() called | format mentah=NULL | format lowercase='' | bulan=NULL | tahun=NULL
[2026-09-11 09:26:13] format TIDAK cocok kondisi kita (raw=NULL) -> lanjut ke logic list() normal di bawah
[2026-09-11 09:26:13] index() called | format mentah=NULL | format lowercase='' | bulan=NULL | tahun=NULL
[2026-09-11 09:26:13] format TIDAK cocok kondisi kita (raw=NULL) -> lanjut ke logic list() normal di bawah
[2026-09-11 09:26:13] index() called | format mentah=NULL | format lowercase='' | bulan=NULL | tahun=NULL
[2026-09-11 09:26:13] format TIDAK cocok kondisi kita (raw=NULL) -> lanjut ke logic list() normal di bawah
[2026-09-11 09:26:13] index() called | format mentah=NULL | format lowercase='' | bulan=NULL | tahun=NULL
[2026-09-11 09:26:13] format TIDAK cocok kondisi kita (raw=NULL) -> lanjut ke logic list() normal di bawah
[2026-09-11 09:26:13] index() called | format mentah=NULL | format lowercase='' | bulan=NULL | tahun=NULL
[2026-09-11 09:26:13] format TIDAK cocok kondisi kita (raw=NULL) -> lanjut ke logic list() normal di bawah
[2026-09-11 09:26:13] index() called | format mentah=NULL | format lowercase='' | bulan=NULL | tahun=NULL
[2026-09-11 09:26:13] format TIDAK cocok kondisi kita (raw=NULL) -> lanjut ke logic list() normal di bawah
[2026-09-11 09:26:13] index() called | format mentah=NULL | format lowercase='' | bulan=NULL | tahun=NULL
[2026-09-11 09:26:13] format TIDAK cocok kondisi kita (raw=NULL) -> lanjut ke logic list() normal di bawah
[2026-09-11 09:26:13] index() called | format mentah=NULL | format lowercase='' | bulan=NULL | tahun=NULL
[2026-09-11 09:26:13] format TIDAK cocok kondisi kita (raw=NULL) -> lanjut ke logic list() normal di bawah
[2026-09-11 09:26:13] index() called | format mentah=NULL | format lowercase='' | bulan=NULL | tahun=NULL
[2026-09-11 09:26:13] format TIDAK cocok kondisi kita (raw=NULL) -> lanjut ke logic list() normal di bawah
[2026-09-11 09:26:13] index() called | format mentah=NULL | format lowercase='' | bulan=NULL | tahun=NULL
[2026-09-11 09:26:13] format TIDAK cocok kondisi kita (raw=NULL) -> lanjut ke logic list() normal di bawah
[2026-09-11 09:26:13] index() called | format mentah=NULL | format lowercase='' | bulan=NULL | tahun=NULL
[2026-09-11 09:26:13] format TIDAK cocok kondisi kita (raw=NULL) -> lanjut ke logic list() normal di bawah
[2026-09-11 09:26:13] index() called | format mentah=NULL | format lowercase='' | bulan=NULL | tahun=NULL
[2026-09-11 09:26:13] format TIDAK cocok kondisi kita (raw=NULL) -> lanjut ke logic list() normal di bawah
[2026-09-11 09:26:13] index() called | format mentah=NULL | format lowercase='' | bulan=NULL | tahun=NULL
[2026-09-11 09:26:13] format TIDAK cocok kondisi kita (raw=NULL) -> lanjut ke logic list() normal di bawah
[2026-09-11 09:26:13] index() called | format mentah=NULL | format lowercase='' | bulan=NULL | tahun=NULL
[2026-09-11 09:26:13] format TIDAK cocok kondisi kita (raw=NULL) -> lanjut ke logic list() normal di bawah
[2026-09-11 09:26:13] index() called | format mentah=NULL | format lowercase='' | bulan=NULL | tahun=NULL
[2026-09-11 09:26:13] format TIDAK cocok kondisi kita (raw=NULL) -> lanjut ke logic list() normal di bawah
[2026-09-11 09:26:13] index() called | format mentah=NULL | format lowercase='' | bulan=NULL | tahun=NULL
[2026-09-11 09:26:13] format TIDAK cocok kondisi kita (raw=NULL) -> lanjut ke logic list() normal di bawah
[2026-09-11 09:26:13] index() called | format mentah=NULL | format lowercase='' | bulan=NULL | tahun=NULL
[2026-09-11 09:26:13] format TIDAK cocok kondisi kita (raw=NULL) -> lanjut ke logic list() normal di bawah
[2026-09-11 09:26:13] index() called | format mentah=NULL | format lowercase='' | bulan=NULL | tahun=NULL
[2026-09-11 09:26:13] format TIDAK cocok kondisi kita (raw=NULL) -> lanjut ke logic list() normal di bawah
[2026-09-11 09:26:13] index() called | format mentah=NULL | format lowercase='' | bulan=NULL | tahun=NULL
[2026-09-11 09:26:13] format TIDAK cocok kondisi kita (raw=NULL) -> lanjut ke logic list() normal di bawah
[2026-09-11 09:26:13] index() called | format mentah=NULL | format lowercase='' | bulan=NULL | tahun=NULL
[2026-09-11 09:26:13] format TIDAK cocok kondisi kita (raw=NULL) -> lanjut ke logic list() normal di bawah
[2026-09-11 09:26:13] index() called | format mentah=NULL | format lowercase='' | bulan=NULL | tahun=NULL
[2026-09-11 09:26:13] format TIDAK cocok kondisi kita (raw=NULL) -> lanjut ke logic list() normal di bawah
[2026-09-11 09:26:17] index() called | format mentah='print' | format lowercase='print' | bulan=NULL | tahun=NULL
[2026-09-11 09:26:17] format cocok ('print') -> masuk render_checklist_report()
[2026-09-11 09:26:17] render_checklist_report() mulai | format=print
[2026-09-11 09:26:17] inner() mulai | bulan=9 tahun=2026 day_count=30
[2026-09-11 09:26:17] query selesai | jumlah row=0 | lastError=NULL
[2026-09-11 09:26:17] data siap, pelaksana terisi utk 0 hari. Mau panggil render_view() sekarang...
[2026-09-11 09:26:17] render_view() SELESAI dipanggil, gak exception (bukan berarti tampilannya bener, cuma bukti gak crash di titik ini)
[2026-09-11 09:26:17] render_checklist_report_inner() BERES tanpa exception (format=print)
[2026-09-11 09:26:17] shutdown handler jalan, TIDAK ada fatal error tercatat (format=print)
[2026-09-11 09:27:21] index() called | format mentah=NULL | format lowercase='' | bulan=NULL | tahun=NULL
[2026-09-11 09:27:21] format TIDAK cocok kondisi kita (raw=NULL) -> lanjut ke logic list() normal di bawah
[2026-09-11 09:27:21] index() called | format mentah=NULL | format lowercase='' | bulan=NULL | tahun=NULL
[2026-09-11 09:27:21] format TIDAK cocok kondisi kita (raw=NULL) -> lanjut ke logic list() normal di bawah
[2026-09-11 09:27:21] index() called | format mentah=NULL | format lowercase='' | bulan=NULL | tahun=NULL
[2026-09-11 09:27:21] format TIDAK cocok kondisi kita (raw=NULL) -> lanjut ke logic list() normal di bawah
[2026-09-11 09:27:21] index() called | format mentah=NULL | format lowercase='' | bulan=NULL | tahun=NULL
[2026-09-11 09:27:21] format TIDAK cocok kondisi kita (raw=NULL) -> lanjut ke logic list() normal di bawah
[2026-09-11 09:27:21] index() called | format mentah=NULL | format lowercase='' | bulan=NULL | tahun=NULL
[2026-09-11 09:27:21] format TIDAK cocok kondisi kita (raw=NULL) -> lanjut ke logic list() normal di bawah
[2026-09-11 09:27:21] index() called | format mentah=NULL | format lowercase='' | bulan=NULL | tahun=NULL
[2026-09-11 09:27:21] format TIDAK cocok kondisi kita (raw=NULL) -> lanjut ke logic list() normal di bawah
[2026-09-11 09:40:29] index() called | format mentah=NULL | format lowercase='' | bulan=NULL | tahun=NULL
[2026-09-11 09:40:29] format TIDAK cocok kondisi kita (raw=NULL) -> lanjut ke logic list() normal di bawah
[2026-09-11 09:40:53] index() called | format mentah=NULL | format lowercase='' | bulan=NULL | tahun=NULL
[2026-09-11 09:40:53] format TIDAK cocok kondisi kita (raw=NULL) -> lanjut ke logic list() normal di bawah
[2026-09-11 09:40:59] index() called | format mentah=NULL | format lowercase='' | bulan=NULL | tahun=NULL
[2026-09-11 09:40:59] format TIDAK cocok kondisi kita (raw=NULL) -> lanjut ke logic list() normal di bawah
[2026-09-11 09:41:21] index() called | format mentah=NULL | format lowercase='' | bulan=NULL | tahun=NULL
[2026-09-11 09:41:21] format TIDAK cocok kondisi kita (raw=NULL) -> lanjut ke logic list() normal di bawah
[2026-09-11 09:41:24] index() called | format mentah=NULL | format lowercase='' | bulan=NULL | tahun=NULL
[2026-09-11 09:41:24] format TIDAK cocok kondisi kita (raw=NULL) -> lanjut ke logic list() normal di bawah
[2026-09-11 09:41:24] index() called | format mentah=NULL | format lowercase='' | bulan=NULL | tahun=NULL
[2026-09-11 09:41:24] format TIDAK cocok kondisi kita (raw=NULL) -> lanjut ke logic list() normal di bawah
[2026-09-11 09:41:24] index() called | format mentah=NULL | format lowercase='' | bulan=NULL | tahun=NULL
[2026-09-11 09:41:24] format TIDAK cocok kondisi kita (raw=NULL) -> lanjut ke logic list() normal di bawah
[2026-09-11 09:41:24] index() called | format mentah=NULL | format lowercase='' | bulan=NULL | tahun=NULL
[2026-09-11 09:41:24] format TIDAK cocok kondisi kita (raw=NULL) -> lanjut ke logic list() normal di bawah
[2026-09-11 09:41:24] index() called | format mentah=NULL | format lowercase='' | bulan=NULL | tahun=NULL
[2026-09-11 09:41:24] format TIDAK cocok kondisi kita (raw=NULL) -> lanjut ke logic list() normal di bawah
[2026-09-11 09:41:24] index() called | format mentah=NULL | format lowercase='' | bulan=NULL | tahun=NULL
[2026-09-11 09:41:24] format TIDAK cocok kondisi kita (raw=NULL) -> lanjut ke logic list() normal di bawah
[2026-09-11 09:41:24] index() called | format mentah=NULL | format lowercase='' | bulan=NULL | tahun=NULL
[2026-09-11 09:41:24] format TIDAK cocok kondisi kita (raw=NULL) -> lanjut ke logic list() normal di bawah
[2026-09-11 09:41:24] index() called | format mentah=NULL | format lowercase='' | bulan=NULL | tahun=NULL
[2026-09-11 09:41:24] format TIDAK cocok kondisi kita (raw=NULL) -> lanjut ke logic list() normal di bawah
[2026-09-11 09:41:24] index() called | format mentah=NULL | format lowercase='' | bulan=NULL | tahun=NULL
[2026-09-11 09:41:24] format TIDAK cocok kondisi kita (raw=NULL) -> lanjut ke logic list() normal di bawah
[2026-09-11 09:41:24] index() called | format mentah=NULL | format lowercase='' | bulan=NULL | tahun=NULL
[2026-09-11 09:41:24] format TIDAK cocok kondisi kita (raw=NULL) -> lanjut ke logic list() normal di bawah
[2026-09-11 09:41:24] index() called | format mentah=NULL | format lowercase='' | bulan=NULL | tahun=NULL
[2026-09-11 09:41:24] format TIDAK cocok kondisi kita (raw=NULL) -> lanjut ke logic list() normal di bawah
[2026-09-11 09:41:24] index() called | format mentah=NULL | format lowercase='' | bulan=NULL | tahun=NULL
[2026-09-11 09:41:24] format TIDAK cocok kondisi kita (raw=NULL) -> lanjut ke logic list() normal di bawah
[2026-09-11 09:41:24] index() called | format mentah=NULL | format lowercase='' | bulan=NULL | tahun=NULL
[2026-09-11 09:41:24] format TIDAK cocok kondisi kita (raw=NULL) -> lanjut ke logic list() normal di bawah
[2026-09-11 09:41:24] index() called | format mentah=NULL | format lowercase='' | bulan=NULL | tahun=NULL
[2026-09-11 09:41:24] format TIDAK cocok kondisi kita (raw=NULL) -> lanjut ke logic list() normal di bawah
[2026-09-11 09:41:24] index() called | format mentah=NULL | format lowercase='' | bulan=NULL | tahun=NULL
[2026-09-11 09:41:24] format TIDAK cocok kondisi kita (raw=NULL) -> lanjut ke logic list() normal di bawah
[2026-09-11 09:41:24] index() called | format mentah=NULL | format lowercase='' | bulan=NULL | tahun=NULL
[2026-09-11 09:41:24] format TIDAK cocok kondisi kita (raw=NULL) -> lanjut ke logic list() normal di bawah
[2026-09-11 09:41:24] index() called | format mentah=NULL | format lowercase='' | bulan=NULL | tahun=NULL
[2026-09-11 09:41:24] format TIDAK cocok kondisi kita (raw=NULL) -> lanjut ke logic list() normal di bawah
[2026-09-11 09:41:24] index() called | format mentah=NULL | format lowercase='' | bulan=NULL | tahun=NULL
[2026-09-11 09:41:24] format TIDAK cocok kondisi kita (raw=NULL) -> lanjut ke logic list() normal di bawah
[2026-09-11 09:41:24] index() called | format mentah=NULL | format lowercase='' | bulan=NULL | tahun=NULL
[2026-09-11 09:41:24] format TIDAK cocok kondisi kita (raw=NULL) -> lanjut ke logic list() normal di bawah
[2026-09-11 09:41:24] index() called | format mentah=NULL | format lowercase='' | bulan=NULL | tahun=NULL
[2026-09-11 09:41:24] format TIDAK cocok kondisi kita (raw=NULL) -> lanjut ke logic list() normal di bawah
[2026-09-11 09:41:24] index() called | format mentah=NULL | format lowercase='' | bulan=NULL | tahun=NULL
[2026-09-11 09:41:24] format TIDAK cocok kondisi kita (raw=NULL) -> lanjut ke logic list() normal di bawah
[2026-09-11 09:41:25] index() called | format mentah='print' | format lowercase='print' | bulan=NULL | tahun=NULL
[2026-09-11 09:41:25] format cocok ('print') -> masuk render_checklist_report()
[2026-09-11 09:41:25] render_checklist_report() mulai | format=print
[2026-09-11 09:41:25] inner() mulai | bulan=9 tahun=2026 day_count=30
[2026-09-11 09:41:25] query selesai | jumlah row=0 | lastError=NULL
[2026-09-11 09:41:25] data siap, pelaksana terisi utk 0 hari. Mau panggil render_view() sekarang...
[2026-09-11 09:41:25] render_view() SELESAI dipanggil, gak exception (bukan berarti tampilannya bener, cuma bukti gak crash di titik ini)
[2026-09-11 09:41:25] render_checklist_report_inner() BERES tanpa exception (format=print)
[2026-09-11 09:41:25] shutdown handler jalan, TIDAK ada fatal error tercatat (format=print)
[2026-09-11 09:41:46] index() called | format mentah='excel' | format lowercase='excel' | bulan=NULL | tahun=NULL
[2026-09-11 09:41:46] format cocok ('excel') -> masuk render_checklist_report()
[2026-09-11 09:41:46] render_checklist_report() mulai | format=excel
[2026-09-11 09:41:46] inner() mulai | bulan=9 tahun=2026 day_count=30
[2026-09-11 09:41:46] query selesai | jumlah row=0 | lastError=NULL
[2026-09-11 09:41:46] data siap, pelaksana terisi utk 0 hari. Mau panggil render_view() sekarang...
[2026-09-11 09:41:46] CATCH exception format=excel | Path cannot be empty di /Applications/XAMPP/xamppfiles/htdocs/checklistamwarehouseckr/libs/XLSXWriter.php:902
[2026-09-11 09:41:46] shutdown handler jalan, TIDAK ada fatal error tercatat (format=excel)
[2026-09-11 09:52:12] index() called | format mentah=NULL | format lowercase='' | bulan=NULL | tahun=NULL
[2026-09-11 09:52:12] format TIDAK cocok kondisi kita (raw=NULL) -> lanjut ke logic list() normal di bawah
[2026-09-11 09:52:12] index() called | format mentah=NULL | format lowercase='' | bulan=NULL | tahun=NULL
[2026-09-11 09:52:12] format TIDAK cocok kondisi kita (raw=NULL) -> lanjut ke logic list() normal di bawah
[2026-09-11 09:52:14] index() called | format mentah=NULL | format lowercase='' | bulan=NULL | tahun=NULL
[2026-09-11 09:52:14] format TIDAK cocok kondisi kita (raw=NULL) -> lanjut ke logic list() normal di bawah
[2026-09-11 09:52:14] index() called | format mentah=NULL | format lowercase='' | bulan=NULL | tahun=NULL
[2026-09-11 09:52:14] format TIDAK cocok kondisi kita (raw=NULL) -> lanjut ke logic list() normal di bawah
[2026-09-11 09:52:14] index() called | format mentah=NULL | format lowercase='' | bulan=NULL | tahun=NULL
[2026-09-11 09:52:14] format TIDAK cocok kondisi kita (raw=NULL) -> lanjut ke logic list() normal di bawah
[2026-09-11 09:52:14] index() called | format mentah=NULL | format lowercase='' | bulan=NULL | tahun=NULL
[2026-09-11 09:52:14] format TIDAK cocok kondisi kita (raw=NULL) -> lanjut ke logic list() normal di bawah
[2026-09-11 09:52:14] index() called | format mentah=NULL | format lowercase='' | bulan=NULL | tahun=NULL
[2026-09-11 09:52:14] format TIDAK cocok kondisi kita (raw=NULL) -> lanjut ke logic list() normal di bawah
[2026-09-11 09:52:14] index() called | format mentah=NULL | format lowercase='' | bulan=NULL | tahun=NULL
[2026-09-11 09:52:14] format TIDAK cocok kondisi kita (raw=NULL) -> lanjut ke logic list() normal di bawah
[2026-09-11 09:52:14] index() called | format mentah=NULL | format lowercase='' | bulan=NULL | tahun=NULL
[2026-09-11 09:52:14] format TIDAK cocok kondisi kita (raw=NULL) -> lanjut ke logic list() normal di bawah
[2026-09-11 09:52:14] index() called | format mentah=NULL | format lowercase='' | bulan=NULL | tahun=NULL
[2026-09-11 09:52:14] format TIDAK cocok kondisi kita (raw=NULL) -> lanjut ke logic list() normal di bawah
[2026-09-11 09:52:14] index() called | format mentah=NULL | format lowercase='' | bulan=NULL | tahun=NULL
[2026-09-11 09:52:14] format TIDAK cocok kondisi kita (raw=NULL) -> lanjut ke logic list() normal di bawah
[2026-09-11 09:52:14] index() called | format mentah=NULL | format lowercase='' | bulan=NULL | tahun=NULL
[2026-09-11 09:52:14] format TIDAK cocok kondisi kita (raw=NULL) -> lanjut ke logic list() normal di bawah
[2026-09-11 09:52:14] index() called | format mentah=NULL | format lowercase='' | bulan=NULL | tahun=NULL
[2026-09-11 09:52:14] format TIDAK cocok kondisi kita (raw=NULL) -> lanjut ke logic list() normal di bawah
[2026-09-11 09:52:14] index() called | format mentah=NULL | format lowercase='' | bulan=NULL | tahun=NULL
[2026-09-11 09:52:14] format TIDAK cocok kondisi kita (raw=NULL) -> lanjut ke logic list() normal di bawah
[2026-09-11 09:52:14] index() called | format mentah=NULL | format lowercase='' | bulan=NULL | tahun=NULL
[2026-09-11 09:52:14] format TIDAK cocok kondisi kita (raw=NULL) -> lanjut ke logic list() normal di bawah
[2026-09-11 09:52:14] index() called | format mentah=NULL | format lowercase='' | bulan=NULL | tahun=NULL
[2026-09-11 09:52:14] format TIDAK cocok kondisi kita (raw=NULL) -> lanjut ke logic list() normal di bawah
[2026-09-11 09:52:14] index() called | format mentah=NULL | format lowercase='' | bulan=NULL | tahun=NULL
[2026-09-11 09:52:14] format TIDAK cocok kondisi kita (raw=NULL) -> lanjut ke logic list() normal di bawah
[2026-09-11 09:52:14] index() called | format mentah=NULL | format lowercase='' | bulan=NULL | tahun=NULL
[2026-09-11 09:52:14] format TIDAK cocok kondisi kita (raw=NULL) -> lanjut ke logic list() normal di bawah
[2026-09-11 09:52:14] index() called | format mentah=NULL | format lowercase='' | bulan=NULL | tahun=NULL
[2026-09-11 09:52:14] format TIDAK cocok kondisi kita (raw=NULL) -> lanjut ke logic list() normal di bawah
[2026-09-11 09:52:14] index() called | format mentah=NULL | format lowercase='' | bulan=NULL | tahun=NULL
[2026-09-11 09:52:14] format TIDAK cocok kondisi kita (raw=NULL) -> lanjut ke logic list() normal di bawah
[2026-09-11 09:55:26] index() called | format mentah=NULL | format lowercase='' | bulan=NULL | tahun=NULL
[2026-09-11 09:55:26] format TIDAK cocok kondisi kita (raw=NULL) -> lanjut ke logic list() normal di bawah
[2026-09-11 09:55:26] index() called | format mentah=NULL | format lowercase='' | bulan=NULL | tahun=NULL
[2026-09-11 09:55:26] format TIDAK cocok kondisi kita (raw=NULL) -> lanjut ke logic list() normal di bawah
[2026-09-11 09:56:49] index() called | format mentah=NULL | format lowercase='' | bulan=NULL | tahun=NULL
[2026-09-11 09:56:49] format TIDAK cocok kondisi kita (raw=NULL) -> lanjut ke logic list() normal di bawah
[2026-09-11 09:56:49] index() called | format mentah=NULL | format lowercase='' | bulan=NULL | tahun=NULL
[2026-09-11 09:56:49] format TIDAK cocok kondisi kita (raw=NULL) -> lanjut ke logic list() normal di bawah
[2026-09-11 09:56:49] index() called | format mentah=NULL | format lowercase='' | bulan=NULL | tahun=NULL
[2026-09-11 09:56:49] format TIDAK cocok kondisi kita (raw=NULL) -> lanjut ke logic list() normal di bawah
[2026-09-11 09:56:49] index() called | format mentah=NULL | format lowercase='' | bulan=NULL | tahun=NULL
[2026-09-11 09:56:49] format TIDAK cocok kondisi kita (raw=NULL) -> lanjut ke logic list() normal di bawah
[2026-09-11 09:56:49] index() called | format mentah=NULL | format lowercase='' | bulan=NULL | tahun=NULL
[2026-09-11 09:56:49] format TIDAK cocok kondisi kita (raw=NULL) -> lanjut ke logic list() normal di bawah
[2026-09-11 09:56:49] index() called | format mentah=NULL | format lowercase='' | bulan=NULL | tahun=NULL
[2026-09-11 09:56:49] format TIDAK cocok kondisi kita (raw=NULL) -> lanjut ke logic list() normal di bawah
[2026-09-11 09:56:49] index() called | format mentah=NULL | format lowercase='' | bulan=NULL | tahun=NULL
[2026-09-11 09:56:49] format TIDAK cocok kondisi kita (raw=NULL) -> lanjut ke logic list() normal di bawah
[2026-09-11 09:56:49] index() called | format mentah=NULL | format lowercase='' | bulan=NULL | tahun=NULL
[2026-09-11 09:56:49] format TIDAK cocok kondisi kita (raw=NULL) -> lanjut ke logic list() normal di bawah
[2026-09-11 09:56:49] index() called | format mentah=NULL | format lowercase='' | bulan=NULL | tahun=NULL
[2026-09-11 09:56:49] format TIDAK cocok kondisi kita (raw=NULL) -> lanjut ke logic list() normal di bawah
[2026-09-11 09:56:49] index() called | format mentah=NULL | format lowercase='' | bulan=NULL | tahun=NULL
[2026-09-11 09:56:49] format TIDAK cocok kondisi kita (raw=NULL) -> lanjut ke logic list() normal di bawah
[2026-09-11 09:56:49] index() called | format mentah=NULL | format lowercase='' | bulan=NULL | tahun=NULL
[2026-09-11 09:56:49] format TIDAK cocok kondisi kita (raw=NULL) -> lanjut ke logic list() normal di bawah
[2026-09-11 09:56:49] index() called | format mentah=NULL | format lowercase='' | bulan=NULL | tahun=NULL
[2026-09-11 09:56:49] format TIDAK cocok kondisi kita (raw=NULL) -> lanjut ke logic list() normal di bawah
[2026-09-11 09:56:50] index() called | format mentah=NULL | format lowercase='' | bulan=NULL | tahun=NULL
[2026-09-11 09:56:50] format TIDAK cocok kondisi kita (raw=NULL) -> lanjut ke logic list() normal di bawah
[2026-09-11 09:56:50] index() called | format mentah=NULL | format lowercase='' | bulan=NULL | tahun=NULL
[2026-09-11 09:56:50] format TIDAK cocok kondisi kita (raw=NULL) -> lanjut ke logic list() normal di bawah
[2026-09-11 09:56:51] index() called | format mentah=NULL | format lowercase='' | bulan=NULL | tahun=NULL
[2026-09-11 09:56:51] format TIDAK cocok kondisi kita (raw=NULL) -> lanjut ke logic list() normal di bawah
[2026-09-11 09:56:51] index() called | format mentah=NULL | format lowercase='' | bulan=NULL | tahun=NULL
[2026-09-11 09:56:51] format TIDAK cocok kondisi kita (raw=NULL) -> lanjut ke logic list() normal di bawah
[2026-09-11 09:57:41] index() called | format mentah=NULL | format lowercase='' | bulan=NULL | tahun=NULL
[2026-09-11 09:57:41] format TIDAK cocok kondisi kita (raw=NULL) -> lanjut ke logic list() normal di bawah
[2026-09-11 09:57:41] index() called | format mentah=NULL | format lowercase='' | bulan=NULL | tahun=NULL
[2026-09-11 09:57:41] format TIDAK cocok kondisi kita (raw=NULL) -> lanjut ke logic list() normal di bawah
[2026-09-11 09:57:41] index() called | format mentah=NULL | format lowercase='' | bulan=NULL | tahun=NULL
[2026-09-11 09:57:41] format TIDAK cocok kondisi kita (raw=NULL) -> lanjut ke logic list() normal di bawah
[2026-09-11 09:57:41] index() called | format mentah=NULL | format lowercase='' | bulan=NULL | tahun=NULL
[2026-09-11 09:57:41] format TIDAK cocok kondisi kita (raw=NULL) -> lanjut ke logic list() normal di bawah
[2026-09-11 09:57:41] index() called | format mentah=NULL | format lowercase='' | bulan=NULL | tahun=NULL
[2026-09-11 09:57:41] format TIDAK cocok kondisi kita (raw=NULL) -> lanjut ke logic list() normal di bawah
[2026-09-11 09:57:41] index() called | format mentah=NULL | format lowercase='' | bulan=NULL | tahun=NULL
[2026-09-11 09:57:41] format TIDAK cocok kondisi kita (raw=NULL) -> lanjut ke logic list() normal di bawah
[2026-09-11 09:57:41] index() called | format mentah=NULL | format lowercase='' | bulan=NULL | tahun=NULL
[2026-09-11 09:57:41] format TIDAK cocok kondisi kita (raw=NULL) -> lanjut ke logic list() normal di bawah
[2026-09-11 09:57:41] index() called | format mentah=NULL | format lowercase='' | bulan=NULL | tahun=NULL
[2026-09-11 09:57:41] format TIDAK cocok kondisi kita (raw=NULL) -> lanjut ke logic list() normal di bawah
[2026-09-11 09:57:41] index() called | format mentah=NULL | format lowercase='' | bulan=NULL | tahun=NULL
[2026-09-11 09:57:41] format TIDAK cocok kondisi kita (raw=NULL) -> lanjut ke logic list() normal di bawah
[2026-09-11 09:57:41] index() called | format mentah=NULL | format lowercase='' | bulan=NULL | tahun=NULL
[2026-09-11 09:57:41] format TIDAK cocok kondisi kita (raw=NULL) -> lanjut ke logic list() normal di bawah
[2026-09-11 09:57:41] index() called | format mentah=NULL | format lowercase='' | bulan=NULL | tahun=NULL
[2026-09-11 09:57:41] format TIDAK cocok kondisi kita (raw=NULL) -> lanjut ke logic list() normal di bawah
[2026-09-11 09:57:41] index() called | format mentah=NULL | format lowercase='' | bulan=NULL | tahun=NULL
[2026-09-11 09:57:41] format TIDAK cocok kondisi kita (raw=NULL) -> lanjut ke logic list() normal di bawah
[2026-09-11 09:57:41] index() called | format mentah=NULL | format lowercase='' | bulan=NULL | tahun=NULL
[2026-09-11 09:57:41] format TIDAK cocok kondisi kita (raw=NULL) -> lanjut ke logic list() normal di bawah
[2026-09-11 09:57:41] index() called | format mentah=NULL | format lowercase='' | bulan=NULL | tahun=NULL
[2026-09-11 09:57:41] format TIDAK cocok kondisi kita (raw=NULL) -> lanjut ke logic list() normal di bawah
[2026-09-11 09:57:41] index() called | format mentah=NULL | format lowercase='' | bulan=NULL | tahun=NULL
[2026-09-11 09:57:41] format TIDAK cocok kondisi kita (raw=NULL) -> lanjut ke logic list() normal di bawah
[2026-09-11 09:57:41] index() called | format mentah=NULL | format lowercase='' | bulan=NULL | tahun=NULL
[2026-09-11 09:57:41] format TIDAK cocok kondisi kita (raw=NULL) -> lanjut ke logic list() normal di bawah
[2026-09-11 09:57:41] index() called | format mentah=NULL | format lowercase='' | bulan=NULL | tahun=NULL
[2026-09-11 09:57:41] format TIDAK cocok kondisi kita (raw=NULL) -> lanjut ke logic list() normal di bawah
[2026-09-11 09:57:41] index() called | format mentah=NULL | format lowercase='' | bulan=NULL | tahun=NULL
[2026-09-11 09:57:41] format TIDAK cocok kondisi kita (raw=NULL) -> lanjut ke logic list() normal di bawah
[2026-09-11 09:57:41] index() called | format mentah=NULL | format lowercase='' | bulan=NULL | tahun=NULL
[2026-09-11 09:57:41] format TIDAK cocok kondisi kita (raw=NULL) -> lanjut ke logic list() normal di bawah
[2026-09-11 09:57:41] index() called | format mentah=NULL | format lowercase='' | bulan=NULL | tahun=NULL
[2026-09-11 09:57:41] format TIDAK cocok kondisi kita (raw=NULL) -> lanjut ke logic list() normal di bawah
[2026-09-11 09:57:41] index() called | format mentah=NULL | format lowercase='' | bulan=NULL | tahun=NULL
[2026-09-11 09:57:41] format TIDAK cocok kondisi kita (raw=NULL) -> lanjut ke logic list() normal di bawah
[2026-09-11 09:57:42] index() called | format mentah=NULL | format lowercase='' | bulan=NULL | tahun=NULL
[2026-09-11 09:57:42] format TIDAK cocok kondisi kita (raw=NULL) -> lanjut ke logic list() normal di bawah
[2026-09-11 09:59:59] index() called | format mentah=NULL | format lowercase='' | bulan=NULL | tahun=NULL
[2026-09-11 09:59:59] format TIDAK cocok kondisi kita (raw=NULL) -> lanjut ke logic list() normal di bawah
[2026-09-11 09:59:59] index() called | format mentah=NULL | format lowercase='' | bulan=NULL | tahun=NULL
[2026-09-11 09:59:59] format TIDAK cocok kondisi kita (raw=NULL) -> lanjut ke logic list() normal di bawah
[2026-09-11 09:59:59] index() called | format mentah=NULL | format lowercase='' | bulan=NULL | tahun=NULL
[2026-09-11 09:59:59] format TIDAK cocok kondisi kita (raw=NULL) -> lanjut ke logic list() normal di bawah
[2026-09-11 09:59:59] index() called | format mentah=NULL | format lowercase='' | bulan=NULL | tahun=NULL
[2026-09-11 09:59:59] format TIDAK cocok kondisi kita (raw=NULL) -> lanjut ke logic list() normal di bawah
[2026-09-11 09:59:59] index() called | format mentah=NULL | format lowercase='' | bulan=NULL | tahun=NULL
[2026-09-11 09:59:59] format TIDAK cocok kondisi kita (raw=NULL) -> lanjut ke logic list() normal di bawah
[2026-09-11 09:59:59] index() called | format mentah=NULL | format lowercase='' | bulan=NULL | tahun=NULL
[2026-09-11 09:59:59] format TIDAK cocok kondisi kita (raw=NULL) -> lanjut ke logic list() normal di bawah
[2026-09-11 09:59:59] index() called | format mentah=NULL | format lowercase='' | bulan=NULL | tahun=NULL
[2026-09-11 09:59:59] format TIDAK cocok kondisi kita (raw=NULL) -> lanjut ke logic list() normal di bawah
[2026-09-11 09:59:59] index() called | format mentah=NULL | format lowercase='' | bulan=NULL | tahun=NULL
[2026-09-11 09:59:59] format TIDAK cocok kondisi kita (raw=NULL) -> lanjut ke logic list() normal di bawah
[2026-09-11 10:08:56] index() called | format mentah=NULL | format lowercase='' | bulan=NULL | tahun=NULL
[2026-09-11 10:08:56] format TIDAK cocok kondisi kita (raw=NULL) -> lanjut ke logic list() normal di bawah
[2026-09-11 10:08:56] index() called | format mentah=NULL | format lowercase='' | bulan=NULL | tahun=NULL
[2026-09-11 10:08:56] format TIDAK cocok kondisi kita (raw=NULL) -> lanjut ke logic list() normal di bawah
[2026-09-11 10:08:56] index() called | format mentah=NULL | format lowercase='' | bulan=NULL | tahun=NULL
[2026-09-11 10:08:56] format TIDAK cocok kondisi kita (raw=NULL) -> lanjut ke logic list() normal di bawah
[2026-09-11 10:08:56] index() called | format mentah=NULL | format lowercase='' | bulan=NULL | tahun=NULL
[2026-09-11 10:08:56] format TIDAK cocok kondisi kita (raw=NULL) -> lanjut ke logic list() normal di bawah
[2026-09-11 10:08:56] index() called | format mentah=NULL | format lowercase='' | bulan=NULL | tahun=NULL
[2026-09-11 10:08:56] format TIDAK cocok kondisi kita (raw=NULL) -> lanjut ke logic list() normal di bawah
[2026-09-11 10:08:56] index() called | format mentah=NULL | format lowercase='' | bulan=NULL | tahun=NULL
[2026-09-11 10:08:56] format TIDAK cocok kondisi kita (raw=NULL) -> lanjut ke logic list() normal di bawah
[2026-09-11 10:08:56] index() called | format mentah=NULL | format lowercase='' | bulan=NULL | tahun=NULL
[2026-09-11 10:08:56] format TIDAK cocok kondisi kita (raw=NULL) -> lanjut ke logic list() normal di bawah
[2026-09-11 10:08:56] index() called | format mentah=NULL | format lowercase='' | bulan=NULL | tahun=NULL
[2026-09-11 10:08:56] format TIDAK cocok kondisi kita (raw=NULL) -> lanjut ke logic list() normal di bawah
[2026-09-11 10:08:56] index() called | format mentah=NULL | format lowercase='' | bulan=NULL | tahun=NULL
[2026-09-11 10:08:56] format TIDAK cocok kondisi kita (raw=NULL) -> lanjut ke logic list() normal di bawah
[2026-09-11 10:08:56] index() called | format mentah=NULL | format lowercase='' | bulan=NULL | tahun=NULL
[2026-09-11 10:08:56] format TIDAK cocok kondisi kita (raw=NULL) -> lanjut ke logic list() normal di bawah
[2026-09-11 10:08:56] index() called | format mentah=NULL | format lowercase='' | bulan=NULL | tahun=NULL
[2026-09-11 10:08:56] format TIDAK cocok kondisi kita (raw=NULL) -> lanjut ke logic list() normal di bawah
[2026-09-11 10:08:57] index() called | format mentah=NULL | format lowercase='' | bulan=NULL | tahun=NULL
[2026-09-11 10:08:57] format TIDAK cocok kondisi kita (raw=NULL) -> lanjut ke logic list() normal di bawah
[2026-09-11 10:08:58] index() called | format mentah=NULL | format lowercase='' | bulan=NULL | tahun=NULL
[2026-09-11 10:08:58] format TIDAK cocok kondisi kita (raw=NULL) -> lanjut ke logic list() normal di bawah
[2026-09-11 10:08:58] index() called | format mentah=NULL | format lowercase='' | bulan=NULL | tahun=NULL
[2026-09-11 10:08:58] format TIDAK cocok kondisi kita (raw=NULL) -> lanjut ke logic list() normal di bawah
[2026-09-11 10:08:58] index() called | format mentah=NULL | format lowercase='' | bulan=NULL | tahun=NULL
[2026-09-11 10:08:58] format TIDAK cocok kondisi kita (raw=NULL) -> lanjut ke logic list() normal di bawah
[2026-09-11 10:08:58] index() called | format mentah=NULL | format lowercase='' | bulan=NULL | tahun=NULL
[2026-09-11 10:08:58] format TIDAK cocok kondisi kita (raw=NULL) -> lanjut ke logic list() normal di bawah
[2026-09-11 10:08:59] index() called | format mentah=NULL | format lowercase='' | bulan=NULL | tahun=NULL
[2026-09-11 10:08:59] format TIDAK cocok kondisi kita (raw=NULL) -> lanjut ke logic list() normal di bawah
[2026-09-11 10:08:59] index() called | format mentah=NULL | format lowercase='' | bulan=NULL | tahun=NULL
[2026-09-11 10:08:59] format TIDAK cocok kondisi kita (raw=NULL) -> lanjut ke logic list() normal di bawah
[2026-09-11 10:08:59] index() called | format mentah=NULL | format lowercase='' | bulan=NULL | tahun=NULL
[2026-09-11 10:08:59] format TIDAK cocok kondisi kita (raw=NULL) -> lanjut ke logic list() normal di bawah
[2026-09-11 10:08:59] index() called | format mentah=NULL | format lowercase='' | bulan=NULL | tahun=NULL
[2026-09-11 10:08:59] format TIDAK cocok kondisi kita (raw=NULL) -> lanjut ke logic list() normal di bawah
[2026-09-11 10:08:59] index() called | format mentah=NULL | format lowercase='' | bulan=NULL | tahun=NULL
[2026-09-11 10:08:59] format TIDAK cocok kondisi kita (raw=NULL) -> lanjut ke logic list() normal di bawah
[2026-09-11 10:08:59] index() called | format mentah=NULL | format lowercase='' | bulan=NULL | tahun=NULL
[2026-09-11 10:08:59] format TIDAK cocok kondisi kita (raw=NULL) -> lanjut ke logic list() normal di bawah
[2026-09-11 10:08:59] index() called | format mentah=NULL | format lowercase='' | bulan=NULL | tahun=NULL
[2026-09-11 10:08:59] format TIDAK cocok kondisi kita (raw=NULL) -> lanjut ke logic list() normal di bawah
[2026-09-11 10:08:59] index() called | format mentah=NULL | format lowercase='' | bulan=NULL | tahun=NULL
[2026-09-11 10:08:59] format TIDAK cocok kondisi kita (raw=NULL) -> lanjut ke logic list() normal di bawah
[2026-09-11 10:08:59] index() called | format mentah=NULL | format lowercase='' | bulan=NULL | tahun=NULL
[2026-09-11 10:08:59] format TIDAK cocok kondisi kita (raw=NULL) -> lanjut ke logic list() normal di bawah
[2026-09-11 10:08:59] index() called | format mentah=NULL | format lowercase='' | bulan=NULL | tahun=NULL
[2026-09-11 10:08:59] format TIDAK cocok kondisi kita (raw=NULL) -> lanjut ke logic list() normal di bawah
[2026-09-11 10:08:59] index() called | format mentah=NULL | format lowercase='' | bulan=NULL | tahun=NULL
[2026-09-11 10:08:59] format TIDAK cocok kondisi kita (raw=NULL) -> lanjut ke logic list() normal di bawah
[2026-09-11 10:09:00] index() called | format mentah=NULL | format lowercase='' | bulan=NULL | tahun=NULL
[2026-09-11 10:09:00] format TIDAK cocok kondisi kita (raw=NULL) -> lanjut ke logic list() normal di bawah
[2026-09-11 10:09:30] index() called | format mentah=NULL | format lowercase='' | bulan=NULL | tahun=NULL
[2026-09-11 10:09:30] format TIDAK cocok kondisi kita (raw=NULL) -> lanjut ke logic list() normal di bawah
[2026-09-11 10:09:31] index() called | format mentah=NULL | format lowercase='' | bulan=NULL | tahun=NULL
[2026-09-11 10:09:31] format TIDAK cocok kondisi kita (raw=NULL) -> lanjut ke logic list() normal di bawah
[2026-09-11 10:09:31] index() called | format mentah=NULL | format lowercase='' | bulan=NULL | tahun=NULL
[2026-09-11 10:09:31] format TIDAK cocok kondisi kita (raw=NULL) -> lanjut ke logic list() normal di bawah
[2026-09-11 10:09:31] index() called | format mentah=NULL | format lowercase='' | bulan=NULL | tahun=NULL
[2026-09-11 10:09:31] format TIDAK cocok kondisi kita (raw=NULL) -> lanjut ke logic list() normal di bawah
[2026-09-11 10:09:32] index() called | format mentah=NULL | format lowercase='' | bulan=NULL | tahun=NULL
[2026-09-11 10:09:32] format TIDAK cocok kondisi kita (raw=NULL) -> lanjut ke logic list() normal di bawah
[2026-09-11 10:09:32] index() called | format mentah=NULL | format lowercase='' | bulan=NULL | tahun=NULL
[2026-09-11 10:09:32] format TIDAK cocok kondisi kita (raw=NULL) -> lanjut ke logic list() normal di bawah
[2026-09-11 10:09:32] index() called | format mentah=NULL | format lowercase='' | bulan=NULL | tahun=NULL
[2026-09-11 10:09:32] format TIDAK cocok kondisi kita (raw=NULL) -> lanjut ke logic list() normal di bawah
[2026-09-11 10:09:32] index() called | format mentah=NULL | format lowercase='' | bulan=NULL | tahun=NULL
[2026-09-11 10:09:32] format TIDAK cocok kondisi kita (raw=NULL) -> lanjut ke logic list() normal di bawah
[2026-09-11 10:09:32] index() called | format mentah=NULL | format lowercase='' | bulan=NULL | tahun=NULL
[2026-09-11 10:09:32] format TIDAK cocok kondisi kita (raw=NULL) -> lanjut ke logic list() normal di bawah
[2026-09-11 10:09:32] index() called | format mentah=NULL | format lowercase='' | bulan=NULL | tahun=NULL
[2026-09-11 10:09:32] format TIDAK cocok kondisi kita (raw=NULL) -> lanjut ke logic list() normal di bawah
[2026-09-11 10:09:32] index() called | format mentah=NULL | format lowercase='' | bulan=NULL | tahun=NULL
[2026-09-11 10:09:32] format TIDAK cocok kondisi kita (raw=NULL) -> lanjut ke logic list() normal di bawah
[2026-09-11 10:09:32] index() called | format mentah=NULL | format lowercase='' | bulan=NULL | tahun=NULL
[2026-09-11 10:09:32] format TIDAK cocok kondisi kita (raw=NULL) -> lanjut ke logic list() normal di bawah
[2026-09-11 10:09:32] index() called | format mentah=NULL | format lowercase='' | bulan=NULL | tahun=NULL
[2026-09-11 10:09:32] format TIDAK cocok kondisi kita (raw=NULL) -> lanjut ke logic list() normal di bawah
[2026-09-11 10:09:32] index() called | format mentah=NULL | format lowercase='' | bulan=NULL | tahun=NULL
[2026-09-11 10:09:32] format TIDAK cocok kondisi kita (raw=NULL) -> lanjut ke logic list() normal di bawah
[2026-09-11 10:09:32] index() called | format mentah=NULL | format lowercase='' | bulan=NULL | tahun=NULL
[2026-09-11 10:09:32] format TIDAK cocok kondisi kita (raw=NULL) -> lanjut ke logic list() normal di bawah
[2026-09-11 10:09:32] index() called | format mentah=NULL | format lowercase='' | bulan=NULL | tahun=NULL
[2026-09-11 10:09:32] format TIDAK cocok kondisi kita (raw=NULL) -> lanjut ke logic list() normal di bawah
[2026-09-11 10:09:32] index() called | format mentah=NULL | format lowercase='' | bulan=NULL | tahun=NULL
[2026-09-11 10:09:32] format TIDAK cocok kondisi kita (raw=NULL) -> lanjut ke logic list() normal di bawah
[2026-09-11 10:09:32] index() called | format mentah=NULL | format lowercase='' | bulan=NULL | tahun=NULL
[2026-09-11 10:09:32] format TIDAK cocok kondisi kita (raw=NULL) -> lanjut ke logic list() normal di bawah
[2026-09-11 10:09:45] index() called | format mentah=NULL | format lowercase='' | bulan=NULL | tahun=NULL
[2026-09-11 10:09:45] format TIDAK cocok kondisi kita (raw=NULL) -> lanjut ke logic list() normal di bawah
[2026-09-11 10:09:45] index() called | format mentah=NULL | format lowercase='' | bulan=NULL | tahun=NULL
[2026-09-11 10:09:45] format TIDAK cocok kondisi kita (raw=NULL) -> lanjut ke logic list() normal di bawah
[2026-09-11 10:09:45] index() called | format mentah=NULL | format lowercase='' | bulan=NULL | tahun=NULL
[2026-09-11 10:09:45] format TIDAK cocok kondisi kita (raw=NULL) -> lanjut ke logic list() normal di bawah
[2026-09-11 10:10:14] index() called | format mentah=NULL | format lowercase='' | bulan=NULL | tahun=NULL
[2026-09-11 10:10:14] format TIDAK cocok kondisi kita (raw=NULL) -> lanjut ke logic list() normal di bawah
[2026-09-11 10:10:14] index() called | format mentah=NULL | format lowercase='' | bulan=NULL | tahun=NULL
[2026-09-11 10:10:14] format TIDAK cocok kondisi kita (raw=NULL) -> lanjut ke logic list() normal di bawah
[2026-09-11 10:10:14] index() called | format mentah=NULL | format lowercase='' | bulan=NULL | tahun=NULL
[2026-09-11 10:10:14] format TIDAK cocok kondisi kita (raw=NULL) -> lanjut ke logic list() normal di bawah
[2026-09-11 10:10:14] index() called | format mentah=NULL | format lowercase='' | bulan=NULL | tahun=NULL
[2026-09-11 10:10:14] format TIDAK cocok kondisi kita (raw=NULL) -> lanjut ke logic list() normal di bawah
[2026-09-11 10:10:14] index() called | format mentah=NULL | format lowercase='' | bulan=NULL | tahun=NULL
[2026-09-11 10:10:14] format TIDAK cocok kondisi kita (raw=NULL) -> lanjut ke logic list() normal di bawah
[2026-09-11 10:10:14] index() called | format mentah=NULL | format lowercase='' | bulan=NULL | tahun=NULL
[2026-09-11 10:10:14] format TIDAK cocok kondisi kita (raw=NULL) -> lanjut ke logic list() normal di bawah
[2026-09-11 10:10:14] index() called | format mentah=NULL | format lowercase='' | bulan=NULL | tahun=NULL
[2026-09-11 10:10:14] format TIDAK cocok kondisi kita (raw=NULL) -> lanjut ke logic list() normal di bawah
[2026-09-11 10:10:14] index() called | format mentah=NULL | format lowercase='' | bulan=NULL | tahun=NULL
[2026-09-11 10:10:14] format TIDAK cocok kondisi kita (raw=NULL) -> lanjut ke logic list() normal di bawah
[2026-09-11 10:10:14] index() called | format mentah=NULL | format lowercase='' | bulan=NULL | tahun=NULL
[2026-09-11 10:10:14] format TIDAK cocok kondisi kita (raw=NULL) -> lanjut ke logic list() normal di bawah
[2026-09-11 10:10:15] index() called | format mentah=NULL | format lowercase='' | bulan=NULL | tahun=NULL
[2026-09-11 10:10:15] format TIDAK cocok kondisi kita (raw=NULL) -> lanjut ke logic list() normal di bawah
[2026-09-11 10:10:15] index() called | format mentah=NULL | format lowercase='' | bulan=NULL | tahun=NULL
[2026-09-11 10:10:15] format TIDAK cocok kondisi kita (raw=NULL) -> lanjut ke logic list() normal di bawah
[2026-09-11 10:10:15] index() called | format mentah=NULL | format lowercase='' | bulan=NULL | tahun=NULL
[2026-09-11 10:10:15] format TIDAK cocok kondisi kita (raw=NULL) -> lanjut ke logic list() normal di bawah
[2026-09-11 10:10:15] index() called | format mentah=NULL | format lowercase='' | bulan=NULL | tahun=NULL
[2026-09-11 10:10:15] format TIDAK cocok kondisi kita (raw=NULL) -> lanjut ke logic list() normal di bawah
[2026-09-11 10:10:15] index() called | format mentah=NULL | format lowercase='' | bulan=NULL | tahun=NULL
[2026-09-11 10:10:15] format TIDAK cocok kondisi kita (raw=NULL) -> lanjut ke logic list() normal di bawah
[2026-09-11 10:10:15] index() called | format mentah=NULL | format lowercase='' | bulan=NULL | tahun=NULL
[2026-09-11 10:10:15] format TIDAK cocok kondisi kita (raw=NULL) -> lanjut ke logic list() normal di bawah
[2026-09-11 10:10:15] index() called | format mentah=NULL | format lowercase='' | bulan=NULL | tahun=NULL
[2026-09-11 10:10:15] format TIDAK cocok kondisi kita (raw=NULL) -> lanjut ke logic list() normal di bawah
[2026-09-11 10:10:15] index() called | format mentah=NULL | format lowercase='' | bulan=NULL | tahun=NULL
[2026-09-11 10:10:15] format TIDAK cocok kondisi kita (raw=NULL) -> lanjut ke logic list() normal di bawah
[2026-09-11 10:10:15] index() called | format mentah=NULL | format lowercase='' | bulan=NULL | tahun=NULL
[2026-09-11 10:10:15] format TIDAK cocok kondisi kita (raw=NULL) -> lanjut ke logic list() normal di bawah
[2026-09-11 10:10:15] index() called | format mentah=NULL | format lowercase='' | bulan=NULL | tahun=NULL
[2026-09-11 10:10:15] format TIDAK cocok kondisi kita (raw=NULL) -> lanjut ke logic list() normal di bawah
[2026-09-11 10:10:15] index() called | format mentah=NULL | format lowercase='' | bulan=NULL | tahun=NULL
[2026-09-11 10:10:15] format TIDAK cocok kondisi kita (raw=NULL) -> lanjut ke logic list() normal di bawah
[2026-09-11 10:10:15] index() called | format mentah=NULL | format lowercase='' | bulan=NULL | tahun=NULL
[2026-09-11 10:10:15] format TIDAK cocok kondisi kita (raw=NULL) -> lanjut ke logic list() normal di bawah
[2026-09-11 10:10:15] index() called | format mentah=NULL | format lowercase='' | bulan=NULL | tahun=NULL
[2026-09-11 10:10:15] format TIDAK cocok kondisi kita (raw=NULL) -> lanjut ke logic list() normal di bawah
[2026-09-11 10:10:15] index() called | format mentah=NULL | format lowercase='' | bulan=NULL | tahun=NULL
[2026-09-11 10:10:15] format TIDAK cocok kondisi kita (raw=NULL) -> lanjut ke logic list() normal di bawah
[2026-09-11 10:10:15] index() called | format mentah=NULL | format lowercase='' | bulan=NULL | tahun=NULL
[2026-09-11 10:10:15] format TIDAK cocok kondisi kita (raw=NULL) -> lanjut ke logic list() normal di bawah
[2026-09-11 10:10:15] index() called | format mentah=NULL | format lowercase='' | bulan=NULL | tahun=NULL
[2026-09-11 10:10:15] format TIDAK cocok kondisi kita (raw=NULL) -> lanjut ke logic list() normal di bawah
[2026-09-11 10:31:05] index() called | format mentah=NULL | format lowercase='' | bulan=NULL | tahun=NULL
[2026-09-11 10:31:05] format TIDAK cocok kondisi kita (raw=NULL) -> lanjut ke logic list() normal di bawah
[2026-09-11 10:31:05] index() called | format mentah=NULL | format lowercase='' | bulan=NULL | tahun=NULL
[2026-09-11 10:31:05] format TIDAK cocok kondisi kita (raw=NULL) -> lanjut ke logic list() normal di bawah
[2026-09-11 10:31:05] index() called | format mentah=NULL | format lowercase='' | bulan=NULL | tahun=NULL
[2026-09-11 10:31:05] format TIDAK cocok kondisi kita (raw=NULL) -> lanjut ke logic list() normal di bawah
[2026-09-11 10:31:05] index() called | format mentah=NULL | format lowercase='' | bulan=NULL | tahun=NULL
[2026-09-11 10:31:05] format TIDAK cocok kondisi kita (raw=NULL) -> lanjut ke logic list() normal di bawah
[2026-09-11 10:31:05] index() called | format mentah=NULL | format lowercase='' | bulan=NULL | tahun=NULL
[2026-09-11 10:31:05] format TIDAK cocok kondisi kita (raw=NULL) -> lanjut ke logic list() normal di bawah
[2026-09-11 10:31:05] index() called | format mentah=NULL | format lowercase='' | bulan=NULL | tahun=NULL
[2026-09-11 10:31:05] format TIDAK cocok kondisi kita (raw=NULL) -> lanjut ke logic list() normal di bawah
[2026-09-11 10:31:05] index() called | format mentah=NULL | format lowercase='' | bulan=NULL | tahun=NULL
[2026-09-11 10:31:05] format TIDAK cocok kondisi kita (raw=NULL) -> lanjut ke logic list() normal di bawah
[2026-09-11 10:31:05] index() called | format mentah=NULL | format lowercase='' | bulan=NULL | tahun=NULL
[2026-09-11 10:31:05] format TIDAK cocok kondisi kita (raw=NULL) -> lanjut ke logic list() normal di bawah
[2026-09-11 10:31:05] index() called | format mentah=NULL | format lowercase='' | bulan=NULL | tahun=NULL
[2026-09-11 10:31:05] format TIDAK cocok kondisi kita (raw=NULL) -> lanjut ke logic list() normal di bawah
[2026-09-11 10:31:05] index() called | format mentah=NULL | format lowercase='' | bulan=NULL | tahun=NULL
[2026-09-11 10:31:05] format TIDAK cocok kondisi kita (raw=NULL) -> lanjut ke logic list() normal di bawah
[2026-09-11 10:31:05] index() called | format mentah=NULL | format lowercase='' | bulan=NULL | tahun=NULL
[2026-09-11 10:31:05] format TIDAK cocok kondisi kita (raw=NULL) -> lanjut ke logic list() normal di bawah
[2026-09-11 10:31:05] index() called | format mentah=NULL | format lowercase='' | bulan=NULL | tahun=NULL
[2026-09-11 10:31:05] format TIDAK cocok kondisi kita (raw=NULL) -> lanjut ke logic list() normal di bawah
[2026-09-11 10:31:05] index() called | format mentah=NULL | format lowercase='' | bulan=NULL | tahun=NULL
[2026-09-11 10:31:05] format TIDAK cocok kondisi kita (raw=NULL) -> lanjut ke logic list() normal di bawah
[2026-09-11 10:31:05] index() called | format mentah=NULL | format lowercase='' | bulan=NULL | tahun=NULL
[2026-09-11 10:31:05] format TIDAK cocok kondisi kita (raw=NULL) -> lanjut ke logic list() normal di bawah
[2026-09-11 10:31:05] index() called | format mentah=NULL | format lowercase='' | bulan=NULL | tahun=NULL
[2026-09-11 10:31:05] format TIDAK cocok kondisi kita (raw=NULL) -> lanjut ke logic list() normal di bawah
[2026-09-11 10:31:05] index() called | format mentah=NULL | format lowercase='' | bulan=NULL | tahun=NULL
[2026-09-11 10:31:05] format TIDAK cocok kondisi kita (raw=NULL) -> lanjut ke logic list() normal di bawah
[2026-09-11 10:31:05] index() called | format mentah=NULL | format lowercase='' | bulan=NULL | tahun=NULL
[2026-09-11 10:31:05] format TIDAK cocok kondisi kita (raw=NULL) -> lanjut ke logic list() normal di bawah
[2026-09-11 10:31:05] index() called | format mentah=NULL | format lowercase='' | bulan=NULL | tahun=NULL
[2026-09-11 10:31:05] format TIDAK cocok kondisi kita (raw=NULL) -> lanjut ke logic list() normal di bawah
[2026-09-11 10:31:05] index() called | format mentah=NULL | format lowercase='' | bulan=NULL | tahun=NULL
[2026-09-11 10:31:05] format TIDAK cocok kondisi kita (raw=NULL) -> lanjut ke logic list() normal di bawah
[2026-09-11 10:31:05] index() called | format mentah=NULL | format lowercase='' | bulan=NULL | tahun=NULL
[2026-09-11 10:31:05] format TIDAK cocok kondisi kita (raw=NULL) -> lanjut ke logic list() normal di bawah
[2026-09-14 04:51:14] index() called | format mentah=NULL | format lowercase='' | bulan=NULL | tahun=NULL
[2026-09-14 04:51:14] format TIDAK cocok kondisi kita (raw=NULL) -> lanjut ke logic list() normal di bawah
[2026-09-14 04:51:16] index() called | format mentah=NULL | format lowercase='' | bulan=NULL | tahun=NULL
[2026-09-14 04:51:16] format TIDAK cocok kondisi kita (raw=NULL) -> lanjut ke logic list() normal di bawah
[2026-09-14 04:51:22] index() called | format mentah=NULL | format lowercase='' | bulan=NULL | tahun=NULL
[2026-09-14 04:51:22] format TIDAK cocok kondisi kita (raw=NULL) -> lanjut ke logic list() normal di bawah
[2026-09-14 04:51:22] index() called | format mentah=NULL | format lowercase='' | bulan=NULL | tahun=NULL
[2026-09-14 04:51:22] format TIDAK cocok kondisi kita (raw=NULL) -> lanjut ke logic list() normal di bawah
[2026-09-14 04:51:22] index() called | format mentah=NULL | format lowercase='' | bulan=NULL | tahun=NULL
[2026-09-14 04:51:22] format TIDAK cocok kondisi kita (raw=NULL) -> lanjut ke logic list() normal di bawah
[2026-09-14 04:51:22] index() called | format mentah=NULL | format lowercase='' | bulan=NULL | tahun=NULL
[2026-09-14 04:51:22] format TIDAK cocok kondisi kita (raw=NULL) -> lanjut ke logic list() normal di bawah
[2026-09-14 04:51:22] index() called | format mentah=NULL | format lowercase='' | bulan=NULL | tahun=NULL
[2026-09-14 04:51:22] format TIDAK cocok kondisi kita (raw=NULL) -> lanjut ke logic list() normal di bawah
[2026-09-14 04:51:22] index() called | format mentah=NULL | format lowercase='' | bulan=NULL | tahun=NULL
[2026-09-14 04:51:22] format TIDAK cocok kondisi kita (raw=NULL) -> lanjut ke logic list() normal di bawah
[2026-09-14 04:51:22] index() called | format mentah=NULL | format lowercase='' | bulan=NULL | tahun=NULL
[2026-09-14 04:51:22] format TIDAK cocok kondisi kita (raw=NULL) -> lanjut ke logic list() normal di bawah
[2026-09-14 04:51:22] index() called | format mentah=NULL | format lowercase='' | bulan=NULL | tahun=NULL
[2026-09-14 04:51:22] format TIDAK cocok kondisi kita (raw=NULL) -> lanjut ke logic list() normal di bawah
[2026-09-14 04:51:22] index() called | format mentah=NULL | format lowercase='' | bulan=NULL | tahun=NULL
[2026-09-14 04:51:22] format TIDAK cocok kondisi kita (raw=NULL) -> lanjut ke logic list() normal di bawah
[2026-09-14 04:51:23] index() called | format mentah=NULL | format lowercase='' | bulan=NULL | tahun=NULL
[2026-09-14 04:51:23] format TIDAK cocok kondisi kita (raw=NULL) -> lanjut ke logic list() normal di bawah
[2026-09-14 04:51:23] index() called | format mentah=NULL | format lowercase='' | bulan=NULL | tahun=NULL
[2026-09-14 04:51:23] format TIDAK cocok kondisi kita (raw=NULL) -> lanjut ke logic list() normal di bawah
[2026-09-14 04:51:23] index() called | format mentah=NULL | format lowercase='' | bulan=NULL | tahun=NULL
[2026-09-14 04:51:23] format TIDAK cocok kondisi kita (raw=NULL) -> lanjut ke logic list() normal di bawah
[2026-09-14 04:51:23] index() called | format mentah=NULL | format lowercase='' | bulan=NULL | tahun=NULL
[2026-09-14 04:51:23] format TIDAK cocok kondisi kita (raw=NULL) -> lanjut ke logic list() normal di bawah
[2026-09-14 04:51:23] index() called | format mentah=NULL | format lowercase='' | bulan=NULL | tahun=NULL
[2026-09-14 04:51:23] format TIDAK cocok kondisi kita (raw=NULL) -> lanjut ke logic list() normal di bawah
[2026-09-14 04:51:23] index() called | format mentah=NULL | format lowercase='' | bulan=NULL | tahun=NULL
[2026-09-14 04:51:23] format TIDAK cocok kondisi kita (raw=NULL) -> lanjut ke logic list() normal di bawah
[2026-09-14 04:51:23] index() called | format mentah=NULL | format lowercase='' | bulan=NULL | tahun=NULL
[2026-09-14 04:51:23] format TIDAK cocok kondisi kita (raw=NULL) -> lanjut ke logic list() normal di bawah
[2026-09-14 04:51:23] index() called | format mentah=NULL | format lowercase='' | bulan=NULL | tahun=NULL
[2026-09-14 04:51:23] format TIDAK cocok kondisi kita (raw=NULL) -> lanjut ke logic list() normal di bawah
[2026-09-14 04:51:23] index() called | format mentah=NULL | format lowercase='' | bulan=NULL | tahun=NULL
[2026-09-14 04:51:23] format TIDAK cocok kondisi kita (raw=NULL) -> lanjut ke logic list() normal di bawah
[2026-09-14 04:51:23] index() called | format mentah=NULL | format lowercase='' | bulan=NULL | tahun=NULL
[2026-09-14 04:51:23] format TIDAK cocok kondisi kita (raw=NULL) -> lanjut ke logic list() normal di bawah
[2026-09-14 04:51:23] index() called | format mentah=NULL | format lowercase='' | bulan=NULL | tahun=NULL
[2026-09-14 04:51:23] format TIDAK cocok kondisi kita (raw=NULL) -> lanjut ke logic list() normal di bawah
[2026-09-14 04:51:23] index() called | format mentah=NULL | format lowercase='' | bulan=NULL | tahun=NULL
[2026-09-14 04:51:23] format TIDAK cocok kondisi kita (raw=NULL) -> lanjut ke logic list() normal di bawah
[2026-09-14 04:51:23] index() called | format mentah=NULL | format lowercase='' | bulan=NULL | tahun=NULL
[2026-09-14 04:51:23] format TIDAK cocok kondisi kita (raw=NULL) -> lanjut ke logic list() normal di bawah
[2026-09-14 04:51:23] index() called | format mentah=NULL | format lowercase='' | bulan=NULL | tahun=NULL
[2026-09-14 04:51:23] format TIDAK cocok kondisi kita (raw=NULL) -> lanjut ke logic list() normal di bawah
[2026-09-14 04:51:23] index() called | format mentah=NULL | format lowercase='' | bulan=NULL | tahun=NULL
[2026-09-14 04:51:23] format TIDAK cocok kondisi kita (raw=NULL) -> lanjut ke logic list() normal di bawah
[2026-09-14 04:51:23] index() called | format mentah=NULL | format lowercase='' | bulan=NULL | tahun=NULL
[2026-09-14 04:51:23] format TIDAK cocok kondisi kita (raw=NULL) -> lanjut ke logic list() normal di bawah
[2026-09-14 04:51:23] index() called | format mentah=NULL | format lowercase='' | bulan=NULL | tahun=NULL
[2026-09-14 04:51:23] format TIDAK cocok kondisi kita (raw=NULL) -> lanjut ke logic list() normal di bawah
[2026-09-14 04:51:23] index() called | format mentah=NULL | format lowercase='' | bulan=NULL | tahun=NULL
[2026-09-14 04:51:23] format TIDAK cocok kondisi kita (raw=NULL) -> lanjut ke logic list() normal di bawah
[2026-09-14 04:51:26] index() called | format mentah='print' | format lowercase='print' | bulan=NULL | tahun=NULL
[2026-09-14 04:51:26] format cocok ('print') -> masuk render_checklist_report()
[2026-09-14 04:51:26] render_checklist_report() mulai | format=print
[2026-09-14 04:51:26] inner() mulai | bulan=9 tahun=2026 day_count=30
[2026-09-14 04:51:26] query selesai | jumlah row=0 | lastError=NULL
[2026-09-14 04:51:26] data siap, pelaksana terisi utk 0 hari. Mau panggil render_view() sekarang...
[2026-09-14 04:51:26] render_view() SELESAI dipanggil, gak exception (bukan berarti tampilannya bener, cuma bukti gak crash di titik ini)
[2026-09-14 04:51:26] render_checklist_report_inner() BERES tanpa exception (format=print)
[2026-09-14 04:51:26] shutdown handler jalan, TIDAK ada fatal error tercatat (format=print)
[2026-09-14 04:51:29] index() called | format mentah=NULL | format lowercase='' | bulan=NULL | tahun=NULL
[2026-09-14 04:51:29] format TIDAK cocok kondisi kita (raw=NULL) -> lanjut ke logic list() normal di bawah
[2026-09-14 04:51:29] index() called | format mentah=NULL | format lowercase='' | bulan=NULL | tahun=NULL
[2026-09-14 04:51:29] format TIDAK cocok kondisi kita (raw=NULL) -> lanjut ke logic list() normal di bawah
[2026-09-14 04:51:55] index() called | format mentah=NULL | format lowercase='' | bulan=NULL | tahun=NULL
[2026-09-14 04:51:55] format TIDAK cocok kondisi kita (raw=NULL) -> lanjut ke logic list() normal di bawah
[2026-09-14 04:51:55] index() called | format mentah=NULL | format lowercase='' | bulan=NULL | tahun=NULL
[2026-09-14 04:51:55] format TIDAK cocok kondisi kita (raw=NULL) -> lanjut ke logic list() normal di bawah
[2026-09-14 04:51:55] index() called | format mentah=NULL | format lowercase='' | bulan=NULL | tahun=NULL
[2026-09-14 04:51:55] format TIDAK cocok kondisi kita (raw=NULL) -> lanjut ke logic list() normal di bawah
[2026-09-14 04:51:56] index() called | format mentah=NULL | format lowercase='' | bulan=NULL | tahun=NULL
[2026-09-14 04:51:56] format TIDAK cocok kondisi kita (raw=NULL) -> lanjut ke logic list() normal di bawah
[2026-09-14 04:51:56] index() called | format mentah=NULL | format lowercase='' | bulan=NULL | tahun=NULL
[2026-09-14 04:51:56] format TIDAK cocok kondisi kita (raw=NULL) -> lanjut ke logic list() normal di bawah
[2026-09-14 04:51:56] index() called | format mentah=NULL | format lowercase='' | bulan=NULL | tahun=NULL
[2026-09-14 04:51:56] format TIDAK cocok kondisi kita (raw=NULL) -> lanjut ke logic list() normal di bawah
[2026-09-14 04:51:56] index() called | format mentah=NULL | format lowercase='' | bulan=NULL | tahun=NULL
[2026-09-14 04:51:56] format TIDAK cocok kondisi kita (raw=NULL) -> lanjut ke logic list() normal di bawah
[2026-09-14 04:51:56] index() called | format mentah=NULL | format lowercase='' | bulan=NULL | tahun=NULL
[2026-09-14 04:51:56] format TIDAK cocok kondisi kita (raw=NULL) -> lanjut ke logic list() normal di bawah
[2026-09-14 04:51:56] index() called | format mentah=NULL | format lowercase='' | bulan=NULL | tahun=NULL
[2026-09-14 04:51:56] format TIDAK cocok kondisi kita (raw=NULL) -> lanjut ke logic list() normal di bawah
[2026-09-14 04:51:56] index() called | format mentah=NULL | format lowercase='' | bulan=NULL | tahun=NULL
[2026-09-14 04:51:56] format TIDAK cocok kondisi kita (raw=NULL) -> lanjut ke logic list() normal di bawah
[2026-09-14 04:51:56] index() called | format mentah=NULL | format lowercase='' | bulan=NULL | tahun=NULL
[2026-09-14 04:51:56] format TIDAK cocok kondisi kita (raw=NULL) -> lanjut ke logic list() normal di bawah
[2026-09-14 04:51:56] index() called | format mentah=NULL | format lowercase='' | bulan=NULL | tahun=NULL
[2026-09-14 04:51:56] format TIDAK cocok kondisi kita (raw=NULL) -> lanjut ke logic list() normal di bawah
[2026-09-14 04:51:56] index() called | format mentah=NULL | format lowercase='' | bulan=NULL | tahun=NULL
[2026-09-14 04:51:56] format TIDAK cocok kondisi kita (raw=NULL) -> lanjut ke logic list() normal di bawah
[2026-09-14 04:51:56] index() called | format mentah=NULL | format lowercase='' | bulan=NULL | tahun=NULL
[2026-09-14 04:51:56] format TIDAK cocok kondisi kita (raw=NULL) -> lanjut ke logic list() normal di bawah
[2026-09-14 04:51:56] index() called | format mentah=NULL | format lowercase='' | bulan=NULL | tahun=NULL
[2026-09-14 04:51:56] format TIDAK cocok kondisi kita (raw=NULL) -> lanjut ke logic list() normal di bawah
[2026-09-14 04:51:56] index() called | format mentah=NULL | format lowercase='' | bulan=NULL | tahun=NULL
[2026-09-14 04:51:56] format TIDAK cocok kondisi kita (raw=NULL) -> lanjut ke logic list() normal di bawah
[2026-09-14 04:51:56] index() called | format mentah=NULL | format lowercase='' | bulan=NULL | tahun=NULL
[2026-09-14 04:51:56] format TIDAK cocok kondisi kita (raw=NULL) -> lanjut ke logic list() normal di bawah
[2026-09-14 04:51:56] index() called | format mentah=NULL | format lowercase='' | bulan=NULL | tahun=NULL
[2026-09-14 04:51:56] format TIDAK cocok kondisi kita (raw=NULL) -> lanjut ke logic list() normal di bawah
[2026-09-14 04:51:56] index() called | format mentah=NULL | format lowercase='' | bulan=NULL | tahun=NULL
[2026-09-14 04:51:56] format TIDAK cocok kondisi kita (raw=NULL) -> lanjut ke logic list() normal di bawah
[2026-09-14 04:51:56] index() called | format mentah=NULL | format lowercase='' | bulan=NULL | tahun=NULL
[2026-09-14 04:51:56] format TIDAK cocok kondisi kita (raw=NULL) -> lanjut ke logic list() normal di bawah
[2026-09-14 04:51:56] index() called | format mentah=NULL | format lowercase='' | bulan=NULL | tahun=NULL
[2026-09-14 04:51:56] format TIDAK cocok kondisi kita (raw=NULL) -> lanjut ke logic list() normal di bawah
[2026-09-14 04:51:56] index() called | format mentah=NULL | format lowercase='' | bulan=NULL | tahun=NULL
[2026-09-14 04:51:56] format TIDAK cocok kondisi kita (raw=NULL) -> lanjut ke logic list() normal di bawah
[2026-09-14 04:55:15] index() called | format mentah=NULL | format lowercase='' | bulan=NULL | tahun=NULL
[2026-09-14 04:55:15] format TIDAK cocok kondisi kita (raw=NULL) -> lanjut ke logic list() normal di bawah
[2026-09-14 04:55:15] index() called | format mentah=NULL | format lowercase='' | bulan=NULL | tahun=NULL
[2026-09-14 04:55:15] format TIDAK cocok kondisi kita (raw=NULL) -> lanjut ke logic list() normal di bawah
[2026-09-14 04:55:15] index() called | format mentah=NULL | format lowercase='' | bulan=NULL | tahun=NULL
[2026-09-14 04:55:15] format TIDAK cocok kondisi kita (raw=NULL) -> lanjut ke logic list() normal di bawah
[2026-09-14 04:55:15] index() called | format mentah=NULL | format lowercase='' | bulan=NULL | tahun=NULL
[2026-09-14 04:55:15] format TIDAK cocok kondisi kita (raw=NULL) -> lanjut ke logic list() normal di bawah
[2026-09-14 04:55:15] index() called | format mentah=NULL | format lowercase='' | bulan=NULL | tahun=NULL
[2026-09-14 04:55:15] format TIDAK cocok kondisi kita (raw=NULL) -> lanjut ke logic list() normal di bawah
[2026-09-14 04:55:15] index() called | format mentah=NULL | format lowercase='' | bulan=NULL | tahun=NULL
[2026-09-14 04:55:15] format TIDAK cocok kondisi kita (raw=NULL) -> lanjut ke logic list() normal di bawah
[2026-09-14 04:55:15] index() called | format mentah=NULL | format lowercase='' | bulan=NULL | tahun=NULL
[2026-09-14 04:55:15] format TIDAK cocok kondisi kita (raw=NULL) -> lanjut ke logic list() normal di bawah
[2026-09-14 04:55:15] index() called | format mentah=NULL | format lowercase='' | bulan=NULL | tahun=NULL
[2026-09-14 04:55:15] format TIDAK cocok kondisi kita (raw=NULL) -> lanjut ke logic list() normal di bawah
[2026-09-14 04:55:15] index() called | format mentah=NULL | format lowercase='' | bulan=NULL | tahun=NULL
[2026-09-14 04:55:15] format TIDAK cocok kondisi kita (raw=NULL) -> lanjut ke logic list() normal di bawah
[2026-09-14 04:55:15] index() called | format mentah=NULL | format lowercase='' | bulan=NULL | tahun=NULL
[2026-09-14 04:55:15] format TIDAK cocok kondisi kita (raw=NULL) -> lanjut ke logic list() normal di bawah
[2026-09-14 04:55:15] index() called | format mentah=NULL | format lowercase='' | bulan=NULL | tahun=NULL
[2026-09-14 04:55:15] format TIDAK cocok kondisi kita (raw=NULL) -> lanjut ke logic list() normal di bawah
[2026-09-14 04:55:15] index() called | format mentah=NULL | format lowercase='' | bulan=NULL | tahun=NULL
[2026-09-14 04:55:15] format TIDAK cocok kondisi kita (raw=NULL) -> lanjut ke logic list() normal di bawah
[2026-09-14 04:55:15] index() called | format mentah=NULL | format lowercase='' | bulan=NULL | tahun=NULL
[2026-09-14 04:55:15] format TIDAK cocok kondisi kita (raw=NULL) -> lanjut ke logic list() normal di bawah
[2026-09-14 04:55:15] index() called | format mentah=NULL | format lowercase='' | bulan=NULL | tahun=NULL
[2026-09-14 04:55:15] format TIDAK cocok kondisi kita (raw=NULL) -> lanjut ke logic list() normal di bawah
[2026-09-14 04:55:15] index() called | format mentah=NULL | format lowercase='' | bulan=NULL | tahun=NULL
[2026-09-14 04:55:15] format TIDAK cocok kondisi kita (raw=NULL) -> lanjut ke logic list() normal di bawah
[2026-09-14 04:55:15] index() called | format mentah=NULL | format lowercase='' | bulan=NULL | tahun=NULL
[2026-09-14 04:55:15] format TIDAK cocok kondisi kita (raw=NULL) -> lanjut ke logic list() normal di bawah
[2026-09-14 04:55:15] index() called | format mentah=NULL | format lowercase='' | bulan=NULL | tahun=NULL
[2026-09-14 04:55:15] format TIDAK cocok kondisi kita (raw=NULL) -> lanjut ke logic list() normal di bawah
[2026-09-14 04:55:16] index() called | format mentah=NULL | format lowercase='' | bulan=NULL | tahun=NULL
[2026-09-14 04:55:16] format TIDAK cocok kondisi kita (raw=NULL) -> lanjut ke logic list() normal di bawah
[2026-09-14 04:55:16] index() called | format mentah=NULL | format lowercase='' | bulan=NULL | tahun=NULL
[2026-09-14 04:55:16] format TIDAK cocok kondisi kita (raw=NULL) -> lanjut ke logic list() normal di bawah
[2026-09-14 04:55:16] index() called | format mentah=NULL | format lowercase='' | bulan=NULL | tahun=NULL
[2026-09-14 04:55:16] format TIDAK cocok kondisi kita (raw=NULL) -> lanjut ke logic list() normal di bawah
[2026-09-14 04:55:17] index() called | format mentah='print' | format lowercase='print' | bulan=NULL | tahun=NULL
[2026-09-14 04:55:17] format cocok ('print') -> masuk render_checklist_report()
[2026-09-14 04:55:17] render_checklist_report() mulai | format=print
[2026-09-14 04:55:17] inner() mulai | bulan=9 tahun=2026 day_count=30
[2026-09-14 04:55:17] query selesai | jumlah row=0 | lastError=NULL
[2026-09-14 04:55:17] data siap, pelaksana terisi utk 0 hari. Mau panggil render_view() sekarang...
[2026-09-14 04:55:17] render_view() SELESAI dipanggil, gak exception (bukan berarti tampilannya bener, cuma bukti gak crash di titik ini)
[2026-09-14 04:55:17] render_checklist_report_inner() BERES tanpa exception (format=print)
[2026-09-14 04:55:17] shutdown handler jalan, TIDAK ada fatal error tercatat (format=print)
[2026-09-14 04:55:38] index() called | format mentah=NULL | format lowercase='' | bulan=NULL | tahun=NULL
[2026-09-14 04:55:38] format TIDAK cocok kondisi kita (raw=NULL) -> lanjut ke logic list() normal di bawah
[2026-09-14 04:55:45] index() called | format mentah=NULL | format lowercase='' | bulan=NULL | tahun=NULL
[2026-09-14 04:55:45] format TIDAK cocok kondisi kita (raw=NULL) -> lanjut ke logic list() normal di bawah
[2026-09-14 05:08:20] index() called | format mentah=NULL | format lowercase='' | bulan=NULL | tahun=NULL
[2026-09-14 05:08:20] format TIDAK cocok kondisi kita (raw=NULL) -> lanjut ke logic list() normal di bawah
[2026-09-14 05:08:20] index() called | format mentah=NULL | format lowercase='' | bulan=NULL | tahun=NULL
[2026-09-14 05:08:20] format TIDAK cocok kondisi kita (raw=NULL) -> lanjut ke logic list() normal di bawah
[2026-09-14 05:08:21] index() called | format mentah=NULL | format lowercase='' | bulan=NULL | tahun=NULL
[2026-09-14 05:08:21] format TIDAK cocok kondisi kita (raw=NULL) -> lanjut ke logic list() normal di bawah
[2026-09-14 05:08:21] index() called | format mentah=NULL | format lowercase='' | bulan=NULL | tahun=NULL
[2026-09-14 05:08:21] format TIDAK cocok kondisi kita (raw=NULL) -> lanjut ke logic list() normal di bawah
[2026-09-14 05:08:21] index() called | format mentah=NULL | format lowercase='' | bulan=NULL | tahun=NULL
[2026-09-14 05:08:21] format TIDAK cocok kondisi kita (raw=NULL) -> lanjut ke logic list() normal di bawah
[2026-09-14 05:08:21] index() called | format mentah=NULL | format lowercase='' | bulan=NULL | tahun=NULL
[2026-09-14 05:08:21] format TIDAK cocok kondisi kita (raw=NULL) -> lanjut ke logic list() normal di bawah
[2026-09-14 05:08:21] index() called | format mentah=NULL | format lowercase='' | bulan=NULL | tahun=NULL
[2026-09-14 05:08:21] format TIDAK cocok kondisi kita (raw=NULL) -> lanjut ke logic list() normal di bawah
[2026-09-14 05:08:22] index() called | format mentah=NULL | format lowercase='' | bulan=NULL | tahun=NULL
[2026-09-14 05:08:22] format TIDAK cocok kondisi kita (raw=NULL) -> lanjut ke logic list() normal di bawah
[2026-09-14 05:33:23] index() called | format mentah='print' | format lowercase='print' | bulan='8' | tahun='2026'
[2026-09-14 05:33:23] format cocok ('print') -> masuk render_checklist_report()
[2026-09-14 05:33:23] render_checklist_report() mulai | format=print
[2026-09-14 05:33:23] inner() mulai | bulan=8 tahun=2026 day_count=31
[2026-09-14 05:33:23] query selesai | jumlah row=12 | lastError=NULL
[2026-09-14 05:33:23] data siap, pelaksana terisi utk 12 hari. Mau panggil render_view() sekarang...
[2026-09-14 05:33:23] render_view() SELESAI dipanggil, gak exception (bukan berarti tampilannya bener, cuma bukti gak crash di titik ini)
[2026-09-14 05:33:23] render_checklist_report_inner() BERES tanpa exception (format=print)
[2026-09-14 05:33:23] shutdown handler jalan, TIDAK ada fatal error tercatat (format=print)
[2026-09-14 05:33:36] index() called | format mentah='pdf' | format lowercase='pdf' | bulan=NULL | tahun=NULL
[2026-09-14 05:33:36] format cocok ('pdf') -> masuk render_checklist_report()
[2026-09-14 05:33:36] render_checklist_report() mulai | format=pdf
[2026-09-14 05:33:36] inner() mulai | bulan=9 tahun=2026 day_count=30
[2026-09-14 05:33:36] query selesai | jumlah row=0 | lastError=NULL
[2026-09-14 05:33:36] data siap, pelaksana terisi utk 0 hari. Mau panggil render_view() sekarang...
[2026-09-14 05:33:36] CATCH exception format=pdf | file_get_contents(): Passing null to parameter #2 ($use_include_path) of type bool is deprecated 8192 di /Applications/XAMPP/xamppfiles/htdocs/checklistamwarehouseckr/vendor/dompdf/dompdf/src/Helpers.php:507
[2026-09-14 05:33:36] shutdown handler jalan, TIDAK ada fatal error tercatat (format=pdf)
[2026-09-14 05:33:49] index() called | format mentah='print' | format lowercase='print' | bulan=NULL | tahun=NULL
[2026-09-14 05:33:49] format cocok ('print') -> masuk render_checklist_report()
[2026-09-14 05:33:49] render_checklist_report() mulai | format=print
[2026-09-14 05:33:49] inner() mulai | bulan=9 tahun=2026 day_count=30
[2026-09-14 05:33:49] query selesai | jumlah row=0 | lastError=NULL
[2026-09-14 05:33:49] data siap, pelaksana terisi utk 0 hari. Mau panggil render_view() sekarang...
[2026-09-14 05:33:49] render_view() SELESAI dipanggil, gak exception (bukan berarti tampilannya bener, cuma bukti gak crash di titik ini)
[2026-09-14 05:33:49] render_checklist_report_inner() BERES tanpa exception (format=print)
[2026-09-14 05:33:49] shutdown handler jalan, TIDAK ada fatal error tercatat (format=print)
[2026-09-14 05:34:01] index() called | format mentah='print' | format lowercase='print' | bulan=NULL | tahun=NULL
[2026-09-14 05:34:01] format cocok ('print') -> masuk render_checklist_report()
[2026-09-14 05:34:01] render_checklist_report() mulai | format=print
[2026-09-14 05:34:01] inner() mulai | bulan=9 tahun=2026 day_count=30
[2026-09-14 05:34:01] query selesai | jumlah row=0 | lastError=NULL
[2026-09-14 05:34:01] data siap, pelaksana terisi utk 0 hari. Mau panggil render_view() sekarang...
[2026-09-14 05:34:01] render_view() SELESAI dipanggil, gak exception (bukan berarti tampilannya bener, cuma bukti gak crash di titik ini)
[2026-09-14 05:34:01] render_checklist_report_inner() BERES tanpa exception (format=print)
[2026-09-14 05:34:01] shutdown handler jalan, TIDAK ada fatal error tercatat (format=print)
[2026-09-14 05:34:19] index() called | format mentah='print' | format lowercase='print' | bulan='8' | tahun='2026'
[2026-09-14 05:34:19] format cocok ('print') -> masuk render_checklist_report()
[2026-09-14 05:34:19] render_checklist_report() mulai | format=print
[2026-09-14 05:34:19] inner() mulai | bulan=8 tahun=2026 day_count=31
[2026-09-14 05:34:19] query selesai | jumlah row=12 | lastError=NULL
[2026-09-14 05:34:19] data siap, pelaksana terisi utk 12 hari. Mau panggil render_view() sekarang...
[2026-09-14 05:34:19] render_view() SELESAI dipanggil, gak exception (bukan berarti tampilannya bener, cuma bukti gak crash di titik ini)
[2026-09-14 05:34:19] render_checklist_report_inner() BERES tanpa exception (format=print)
[2026-09-14 05:34:19] shutdown handler jalan, TIDAK ada fatal error tercatat (format=print)
[2026-09-14 05:35:16] index() called | format mentah='print' | format lowercase='print' | bulan='8' | tahun='2026'
[2026-09-14 05:35:16] format cocok ('print') -> masuk render_checklist_report()
[2026-09-14 05:35:16] render_checklist_report() mulai | format=print
[2026-09-14 05:35:16] inner() mulai | bulan=8 tahun=2026 day_count=31
[2026-09-14 05:35:16] query selesai | jumlah row=12 | lastError=NULL
[2026-09-14 05:35:16] data siap, pelaksana terisi utk 12 hari. Mau panggil render_view() sekarang...
[2026-09-14 05:35:16] render_view() SELESAI dipanggil, gak exception (bukan berarti tampilannya bener, cuma bukti gak crash di titik ini)
[2026-09-14 05:35:16] render_checklist_report_inner() BERES tanpa exception (format=print)
[2026-09-14 05:35:16] shutdown handler jalan, TIDAK ada fatal error tercatat (format=print)
[2026-09-14 05:35:29] index() called | format mentah='pdf' | format lowercase='pdf' | bulan=NULL | tahun=NULL
[2026-09-14 05:35:29] format cocok ('pdf') -> masuk render_checklist_report()
[2026-09-14 05:35:29] render_checklist_report() mulai | format=pdf
[2026-09-14 05:35:29] inner() mulai | bulan=9 tahun=2026 day_count=30
[2026-09-14 05:35:29] query selesai | jumlah row=0 | lastError=NULL
[2026-09-14 05:35:29] data siap, pelaksana terisi utk 0 hari. Mau panggil render_view() sekarang...
[2026-09-14 05:35:29] CATCH exception format=pdf | file_get_contents(): Passing null to parameter #2 ($use_include_path) of type bool is deprecated 8192 di /Applications/XAMPP/xamppfiles/htdocs/checklistamwarehouseckr/vendor/dompdf/dompdf/src/Helpers.php:507
[2026-09-14 05:35:29] shutdown handler jalan, TIDAK ada fatal error tercatat (format=pdf)
[2026-09-14 05:35:48] index() called | format mentah='print' | format lowercase='print' | bulan='8' | tahun='2026'
[2026-09-14 05:35:48] format cocok ('print') -> masuk render_checklist_report()
[2026-09-14 05:35:48] render_checklist_report() mulai | format=print
[2026-09-14 05:35:48] inner() mulai | bulan=8 tahun=2026 day_count=31
[2026-09-14 05:35:48] query selesai | jumlah row=12 | lastError=NULL
[2026-09-14 05:35:48] data siap, pelaksana terisi utk 12 hari. Mau panggil render_view() sekarang...
[2026-09-14 05:35:48] render_view() SELESAI dipanggil, gak exception (bukan berarti tampilannya bener, cuma bukti gak crash di titik ini)
[2026-09-14 05:35:48] render_checklist_report_inner() BERES tanpa exception (format=print)
[2026-09-14 05:35:48] shutdown handler jalan, TIDAK ada fatal error tercatat (format=print)
[2026-09-14 05:35:51] index() called | format mentah='pdf' | format lowercase='pdf' | bulan='8' | tahun='2026'
[2026-09-14 05:35:51] format cocok ('pdf') -> masuk render_checklist_report()
[2026-09-14 05:35:51] render_checklist_report() mulai | format=pdf
[2026-09-14 05:35:51] inner() mulai | bulan=8 tahun=2026 day_count=31
[2026-09-14 05:35:51] query selesai | jumlah row=12 | lastError=NULL
[2026-09-14 05:35:51] data siap, pelaksana terisi utk 12 hari. Mau panggil render_view() sekarang...
[2026-09-14 05:35:51] CATCH exception format=pdf | file_get_contents(): Passing null to parameter #2 ($use_include_path) of type bool is deprecated 8192 di /Applications/XAMPP/xamppfiles/htdocs/checklistamwarehouseckr/vendor/dompdf/dompdf/src/Helpers.php:507
[2026-09-14 05:35:51] shutdown handler jalan, TIDAK ada fatal error tercatat (format=pdf)
[2026-09-14 05:53:08] index() called | format mentah='print' | format lowercase='print' | bulan='8' | tahun='2026'
[2026-09-14 05:53:08] format cocok ('print') -> masuk render_checklist_report()
[2026-09-14 05:53:08] render_checklist_report() mulai | format=print
[2026-09-14 05:53:08] inner() mulai | bulan=8 tahun=2026 day_count=31
[2026-09-14 05:53:08] query selesai | jumlah row=12 | lastError=NULL
[2026-09-14 05:53:08] data siap, pelaksana terisi utk 12 hari. Mau panggil render_view() sekarang...
[2026-09-14 05:53:08] render_view() SELESAI dipanggil, gak exception (bukan berarti tampilannya bener, cuma bukti gak crash di titik ini)
[2026-09-14 05:53:08] render_checklist_report_inner() BERES tanpa exception (format=print)
[2026-09-14 05:53:08] shutdown handler jalan, TIDAK ada fatal error tercatat (format=print)
[2026-09-14 05:53:15] index() called | format mentah='pdf' | format lowercase='pdf' | bulan=NULL | tahun=NULL
[2026-09-14 05:53:15] format cocok ('pdf') -> masuk render_checklist_report()
[2026-09-14 05:53:15] render_checklist_report() mulai | format=pdf
[2026-09-14 05:53:15] inner() mulai | bulan=9 tahun=2026 day_count=30
[2026-09-14 05:53:15] query selesai | jumlah row=0 | lastError=NULL
[2026-09-14 05:53:15] data siap, pelaksana terisi utk 0 hari. Mau panggil render_view() sekarang...
[2026-09-14 05:53:15] CATCH exception format=pdf | file_get_contents(): Passing null to parameter #2 ($use_include_path) of type bool is deprecated 8192 di /Applications/XAMPP/xamppfiles/htdocs/checklistamwarehouseckr/vendor/dompdf/dompdf/src/Helpers.php:507
[2026-09-14 05:53:15] shutdown handler jalan, TIDAK ada fatal error tercatat (format=pdf)
[2026-09-14 05:54:02] index() called | format mentah=NULL | format lowercase='' | bulan=NULL | tahun=NULL
[2026-09-14 05:54:02] format TIDAK cocok kondisi kita (raw=NULL) -> lanjut ke logic list() normal di bawah
[2026-09-14 05:54:07] index() called | format mentah=NULL | format lowercase='' | bulan=NULL | tahun=NULL
[2026-09-14 05:54:07] format TIDAK cocok kondisi kita (raw=NULL) -> lanjut ke logic list() normal di bawah
[2026-09-14 05:54:07] index() called | format mentah=NULL | format lowercase='' | bulan=NULL | tahun=NULL
[2026-09-14 05:54:07] format TIDAK cocok kondisi kita (raw=NULL) -> lanjut ke logic list() normal di bawah
[2026-09-14 05:54:09] index() called | format mentah='print' | format lowercase='print' | bulan=NULL | tahun=NULL
[2026-09-14 05:54:09] format cocok ('print') -> masuk render_checklist_report()
[2026-09-14 05:54:09] render_checklist_report() mulai | format=print
[2026-09-14 05:54:09] inner() mulai | bulan=9 tahun=2026 day_count=30
[2026-09-14 05:54:09] query selesai | jumlah row=0 | lastError=NULL
[2026-09-14 05:54:09] data siap, pelaksana terisi utk 0 hari. Mau panggil render_view() sekarang...
[2026-09-14 05:54:09] render_view() SELESAI dipanggil, gak exception (bukan berarti tampilannya bener, cuma bukti gak crash di titik ini)
[2026-09-14 05:54:09] render_checklist_report_inner() BERES tanpa exception (format=print)
[2026-09-14 05:54:09] shutdown handler jalan, TIDAK ada fatal error tercatat (format=print)
[2026-09-14 05:54:16] index() called | format mentah='pdf' | format lowercase='pdf' | bulan=NULL | tahun=NULL
[2026-09-14 05:54:16] format cocok ('pdf') -> masuk render_checklist_report()
[2026-09-14 05:54:16] render_checklist_report() mulai | format=pdf
[2026-09-14 05:54:16] inner() mulai | bulan=9 tahun=2026 day_count=30
[2026-09-14 05:54:16] query selesai | jumlah row=0 | lastError=NULL
[2026-09-14 05:54:16] data siap, pelaksana terisi utk 0 hari. Mau panggil render_view() sekarang...
[2026-09-14 05:54:16] CATCH exception format=pdf | file_get_contents(): Passing null to parameter #2 ($use_include_path) of type bool is deprecated 8192 di /Applications/XAMPP/xamppfiles/htdocs/checklistamwarehouseckr/vendor/dompdf/dompdf/src/Helpers.php:507
[2026-09-14 05:54:16] shutdown handler jalan, TIDAK ada fatal error tercatat (format=pdf)
[2026-09-14 06:02:13] index() called | format mentah=NULL | format lowercase='' | bulan=NULL | tahun=NULL
[2026-09-14 06:02:13] format TIDAK cocok kondisi kita (raw=NULL) -> lanjut ke logic list() normal di bawah
[2026-09-14 06:02:16] index() called | format mentah='pdf' | format lowercase='pdf' | bulan=NULL | tahun=NULL
[2026-09-14 06:02:16] format cocok ('pdf') -> masuk render_checklist_report()
[2026-09-14 06:02:16] render_checklist_report() mulai | format=pdf
[2026-09-14 06:02:16] inner() mulai | bulan=9 tahun=2026 day_count=30
[2026-09-14 06:02:16] query selesai | jumlah row=0 | lastError=NULL
[2026-09-14 06:02:16] data siap, pelaksana terisi utk 0 hari. Mau panggil render_view() sekarang...
[2026-09-14 06:02:16] format=pdf -> kolom foto dimatiin (keterbatasan dompdf 0.8.3)
[2026-09-14 06:02:16] HTML report kebentuk, panjang=70539 karakter (format=pdf)
[2026-09-14 06:02:16] shutdown handler jalan, TIDAK ada fatal error tercatat (format=pdf)
[2026-09-14 06:05:21] index() called | format mentah='print' | format lowercase='print' | bulan=NULL | tahun=NULL
[2026-09-14 06:05:21] format cocok ('print') -> masuk render_checklist_report()
[2026-09-14 06:05:21] render_checklist_report() mulai | format=print
[2026-09-14 06:05:21] inner() mulai | bulan=9 tahun=2026 day_count=30
[2026-09-14 06:05:21] query selesai | jumlah row=0 | lastError=NULL
[2026-09-14 06:05:21] data siap, pelaksana terisi utk 0 hari. Mau panggil render_view() sekarang...
[2026-09-14 06:05:21] HTML report kebentuk, panjang=70911 karakter (format=print)
[2026-09-14 06:05:21] shutdown handler jalan, TIDAK ada fatal error tercatat (format=print)
[2026-09-14 06:06:02] index() called | format mentah='print' | format lowercase='print' | bulan='8' | tahun='2026'
[2026-09-14 06:06:02] format cocok ('print') -> masuk render_checklist_report()
[2026-09-14 06:06:02] render_checklist_report() mulai | format=print
[2026-09-14 06:06:02] inner() mulai | bulan=8 tahun=2026 day_count=31
[2026-09-14 06:06:02] query selesai | jumlah row=12 | lastError=NULL
[2026-09-14 06:06:02] data siap, pelaksana terisi utk 12 hari. Mau panggil render_view() sekarang...
[2026-09-14 06:06:02] HTML report kebentuk, panjang=83831 karakter (format=print)
[2026-09-14 06:06:02] shutdown handler jalan, TIDAK ada fatal error tercatat (format=print)
[2026-09-14 06:06:02] index() called | format mentah='print' | format lowercase='print' | bulan='8' | tahun='2026'
[2026-09-14 06:06:02] format cocok ('print') -> masuk render_checklist_report()
[2026-09-14 06:06:02] render_checklist_report() mulai | format=print
[2026-09-14 06:06:02] inner() mulai | bulan=8 tahun=2026 day_count=31
[2026-09-14 06:06:02] query selesai | jumlah row=12 | lastError=NULL
[2026-09-14 06:06:02] data siap, pelaksana terisi utk 12 hari. Mau panggil render_view() sekarang...
[2026-09-14 06:06:02] HTML report kebentuk, panjang=83831 karakter (format=print)
[2026-09-14 06:06:02] shutdown handler jalan, TIDAK ada fatal error tercatat (format=print)
[2026-09-14 06:07:59] index() called | format mentah=NULL | format lowercase='' | bulan=NULL | tahun=NULL
[2026-09-14 06:07:59] format TIDAK cocok kondisi kita (raw=NULL) -> lanjut ke logic list() normal di bawah
[2026-09-14 06:07:59] index() called | format mentah=NULL | format lowercase='' | bulan=NULL | tahun=NULL
[2026-09-14 06:07:59] format TIDAK cocok kondisi kita (raw=NULL) -> lanjut ke logic list() normal di bawah
[2026-09-14 06:09:18] index() called | format mentah=NULL | format lowercase='' | bulan=NULL | tahun=NULL
[2026-09-14 06:09:18] format TIDAK cocok kondisi kita (raw=NULL) -> lanjut ke logic list() normal di bawah
[2026-09-14 06:09:24] index() called | format mentah=NULL | format lowercase='' | bulan=NULL | tahun=NULL
[2026-09-14 06:09:24] format TIDAK cocok kondisi kita (raw=NULL) -> lanjut ke logic list() normal di bawah
[2026-09-14 06:15:17] index() called | format mentah=NULL | format lowercase='' | bulan=NULL | tahun=NULL
[2026-09-14 06:15:17] format TIDAK cocok kondisi kita (raw=NULL) -> lanjut ke logic list() normal di bawah
[2026-09-14 06:15:18] index() called | format mentah=NULL | format lowercase='' | bulan=NULL | tahun=NULL
[2026-09-14 06:15:18] format TIDAK cocok kondisi kita (raw=NULL) -> lanjut ke logic list() normal di bawah
[2026-09-14 06:15:22] index() called | format mentah='print' | format lowercase='print' | bulan=NULL | tahun=NULL
[2026-09-14 06:15:22] format cocok ('print') -> masuk render_checklist_report()
[2026-09-14 06:15:22] render_checklist_report() mulai | format=print
[2026-09-14 06:15:22] inner() mulai | bulan=9 tahun=2026 day_count=30
[2026-09-14 06:15:22] query selesai | jumlah row=0 | lastError=NULL
[2026-09-14 06:15:22] data siap, pelaksana terisi utk 0 hari. Mau panggil render_view() sekarang...
[2026-09-14 06:15:22] HTML report kebentuk, panjang=70911 karakter (format=print)
[2026-09-14 06:15:22] shutdown handler jalan, TIDAK ada fatal error tercatat (format=print)
[2026-09-14 06:16:38] index() called | format mentah='print' | format lowercase='print' | bulan='8' | tahun='2026'
[2026-09-14 06:16:38] format cocok ('print') -> masuk render_checklist_report()
[2026-09-14 06:16:38] render_checklist_report() mulai | format=print
[2026-09-14 06:16:38] inner() mulai | bulan=8 tahun=2026 day_count=31
[2026-09-14 06:16:38] query selesai | jumlah row=12 | lastError=NULL
[2026-09-14 06:16:38] data siap, pelaksana terisi utk 12 hari. Mau panggil render_view() sekarang...
[2026-09-14 06:16:38] HTML report kebentuk, panjang=83831 karakter (format=print)
[2026-09-14 06:16:38] shutdown handler jalan, TIDAK ada fatal error tercatat (format=print)
[2026-09-14 06:17:07] index() called | format mentah='pdf' | format lowercase='pdf' | bulan=NULL | tahun=NULL
[2026-09-14 06:17:07] format cocok ('pdf') -> masuk render_checklist_report()
[2026-09-14 06:17:07] render_checklist_report() mulai | format=pdf
[2026-09-14 06:17:07] inner() mulai | bulan=9 tahun=2026 day_count=30
[2026-09-14 06:17:07] query selesai | jumlah row=0 | lastError=NULL
[2026-09-14 06:17:07] data siap, pelaksana terisi utk 0 hari. Mau panggil render_view() sekarang...
[2026-09-14 06:17:07] format=pdf -> kolom foto dimatiin (keterbatasan dompdf 0.8.3)
[2026-09-14 06:17:07] HTML report kebentuk, panjang=70539 karakter (format=pdf)
[2026-09-14 06:17:07] PDF jadi, ukuran=17386 byte
[2026-09-14 06:17:07] shutdown handler jalan, TIDAK ada fatal error tercatat (format=pdf)
[2026-09-14 06:17:21] index() called | format mentah='print' | format lowercase='print' | bulan=NULL | tahun=NULL
[2026-09-14 06:17:21] format cocok ('print') -> masuk render_checklist_report()
[2026-09-14 06:17:21] render_checklist_report() mulai | format=print
[2026-09-14 06:17:21] inner() mulai | bulan=9 tahun=2026 day_count=30
[2026-09-14 06:17:21] query selesai | jumlah row=0 | lastError=NULL
[2026-09-14 06:17:21] data siap, pelaksana terisi utk 0 hari. Mau panggil render_view() sekarang...
[2026-09-14 06:17:21] HTML report kebentuk, panjang=70911 karakter (format=print)
[2026-09-14 06:17:21] shutdown handler jalan, TIDAK ada fatal error tercatat (format=print)
[2026-09-14 06:17:23] index() called | format mentah='print' | format lowercase='print' | bulan=NULL | tahun=NULL
[2026-09-14 06:17:23] format cocok ('print') -> masuk render_checklist_report()
[2026-09-14 06:17:23] render_checklist_report() mulai | format=print
[2026-09-14 06:17:23] inner() mulai | bulan=9 tahun=2026 day_count=30
[2026-09-14 06:17:23] query selesai | jumlah row=0 | lastError=NULL
[2026-09-14 06:17:23] data siap, pelaksana terisi utk 0 hari. Mau panggil render_view() sekarang...
[2026-09-14 06:17:23] HTML report kebentuk, panjang=70911 karakter (format=print)
[2026-09-14 06:17:23] shutdown handler jalan, TIDAK ada fatal error tercatat (format=print)
[2026-09-14 06:17:24] index() called | format mentah='print' | format lowercase='print' | bulan=NULL | tahun=NULL
[2026-09-14 06:17:24] format cocok ('print') -> masuk render_checklist_report()
[2026-09-14 06:17:24] render_checklist_report() mulai | format=print
[2026-09-14 06:17:24] inner() mulai | bulan=9 tahun=2026 day_count=30
[2026-09-14 06:17:24] query selesai | jumlah row=0 | lastError=NULL
[2026-09-14 06:17:24] data siap, pelaksana terisi utk 0 hari. Mau panggil render_view() sekarang...
[2026-09-14 06:17:24] HTML report kebentuk, panjang=70911 karakter (format=print)
[2026-09-14 06:17:24] shutdown handler jalan, TIDAK ada fatal error tercatat (format=print)
[2026-09-14 06:17:24] index() called | format mentah='print' | format lowercase='print' | bulan=NULL | tahun=NULL
[2026-09-14 06:17:24] format cocok ('print') -> masuk render_checklist_report()
[2026-09-14 06:17:24] render_checklist_report() mulai | format=print
[2026-09-14 06:17:24] inner() mulai | bulan=9 tahun=2026 day_count=30
[2026-09-14 06:17:24] query selesai | jumlah row=0 | lastError=NULL
[2026-09-14 06:17:24] data siap, pelaksana terisi utk 0 hari. Mau panggil render_view() sekarang...
[2026-09-14 06:17:24] HTML report kebentuk, panjang=70911 karakter (format=print)
[2026-09-14 06:17:24] shutdown handler jalan, TIDAK ada fatal error tercatat (format=print)
[2026-09-14 06:17:25] index() called | format mentah='print' | format lowercase='print' | bulan=NULL | tahun=NULL
[2026-09-14 06:17:25] format cocok ('print') -> masuk render_checklist_report()
[2026-09-14 06:17:25] render_checklist_report() mulai | format=print
[2026-09-14 06:17:25] inner() mulai | bulan=9 tahun=2026 day_count=30
[2026-09-14 06:17:25] query selesai | jumlah row=0 | lastError=NULL
[2026-09-14 06:17:25] data siap, pelaksana terisi utk 0 hari. Mau panggil render_view() sekarang...
[2026-09-14 06:17:25] HTML report kebentuk, panjang=70911 karakter (format=print)
[2026-09-14 06:17:25] shutdown handler jalan, TIDAK ada fatal error tercatat (format=print)
[2026-09-14 06:17:25] index() called | format mentah='pdf' | format lowercase='pdf' | bulan=NULL | tahun=NULL
[2026-09-14 06:17:25] format cocok ('pdf') -> masuk render_checklist_report()
[2026-09-14 06:17:25] render_checklist_report() mulai | format=pdf
[2026-09-14 06:17:25] inner() mulai | bulan=9 tahun=2026 day_count=30
[2026-09-14 06:17:25] query selesai | jumlah row=0 | lastError=NULL
[2026-09-14 06:17:25] data siap, pelaksana terisi utk 0 hari. Mau panggil render_view() sekarang...
[2026-09-14 06:17:25] format=pdf -> kolom foto dimatiin (keterbatasan dompdf 0.8.3)
[2026-09-14 06:17:25] HTML report kebentuk, panjang=70539 karakter (format=pdf)
[2026-09-14 06:17:25] PDF jadi, ukuran=17386 byte
[2026-09-14 06:17:25] shutdown handler jalan, TIDAK ada fatal error tercatat (format=pdf)
[2026-09-14 06:17:27] index() called | format mentah='pdf' | format lowercase='pdf' | bulan='8' | tahun='2026'
[2026-09-14 06:17:27] format cocok ('pdf') -> masuk render_checklist_report()
[2026-09-14 06:17:27] render_checklist_report() mulai | format=pdf
[2026-09-14 06:17:27] inner() mulai | bulan=8 tahun=2026 day_count=31
[2026-09-14 06:17:27] query selesai | jumlah row=12 | lastError=NULL
[2026-09-14 06:17:27] data siap, pelaksana terisi utk 12 hari. Mau panggil render_view() sekarang...
[2026-09-14 06:17:27] format=pdf -> kolom foto dimatiin (keterbatasan dompdf 0.8.3)
[2026-09-14 06:17:27] HTML report kebentuk, panjang=83459 karakter (format=pdf)
[2026-09-14 06:17:27] PDF jadi, ukuran=19700 byte
[2026-09-14 06:17:27] shutdown handler jalan, TIDAK ada fatal error tercatat (format=pdf)
[2026-09-14 06:17:32] index() called | format mentah='pdf' | format lowercase='pdf' | bulan='8' | tahun='2026'
[2026-09-14 06:17:32] format cocok ('pdf') -> masuk render_checklist_report()
[2026-09-14 06:17:32] render_checklist_report() mulai | format=pdf
[2026-09-14 06:17:32] inner() mulai | bulan=8 tahun=2026 day_count=31
[2026-09-14 06:17:32] query selesai | jumlah row=12 | lastError=NULL
[2026-09-14 06:17:32] data siap, pelaksana terisi utk 12 hari. Mau panggil render_view() sekarang...
[2026-09-14 06:17:32] format=pdf -> kolom foto dimatiin (keterbatasan dompdf 0.8.3)
[2026-09-14 06:17:32] HTML report kebentuk, panjang=83459 karakter (format=pdf)
[2026-09-14 06:17:32] PDF jadi, ukuran=19700 byte
[2026-09-14 06:17:32] shutdown handler jalan, TIDAK ada fatal error tercatat (format=pdf)
[2026-09-14 06:20:31] index() called | format mentah=NULL | format lowercase='' | bulan=NULL | tahun=NULL
[2026-09-14 06:20:31] format TIDAK cocok kondisi kita (raw=NULL) -> lanjut ke logic list() normal di bawah
[2026-09-14 06:20:35] index() called | format mentah=NULL | format lowercase='' | bulan=NULL | tahun=NULL
[2026-09-14 06:20:35] format TIDAK cocok kondisi kita (raw=NULL) -> lanjut ke logic list() normal di bawah
[2026-09-14 06:20:42] index() called | format mentah='word' | format lowercase='word' | bulan=NULL | tahun=NULL
[2026-09-14 06:20:42] format cocok ('word') -> masuk render_checklist_report()
[2026-09-14 06:20:42] render_checklist_report() mulai | format=word
[2026-09-14 06:20:42] inner() mulai | bulan=9 tahun=2026 day_count=30
[2026-09-14 06:20:42] query selesai | jumlah row=0 | lastError=NULL
[2026-09-14 06:20:42] data siap, pelaksana terisi utk 0 hari. Mau panggil render_view() sekarang...
[2026-09-14 06:20:42] HTML report kebentuk, panjang=70868 karakter (format=word)
[2026-09-14 06:20:42] shutdown handler jalan, TIDAK ada fatal error tercatat (format=word)
[2026-09-14 06:23:10] index() called | format mentah=NULL | format lowercase='' | bulan=NULL | tahun=NULL
[2026-09-14 06:23:10] format TIDAK cocok kondisi kita (raw=NULL) -> lanjut ke logic list() normal di bawah
[2026-09-14 06:23:13] index() called | format mentah='print' | format lowercase='print' | bulan=NULL | tahun=NULL
[2026-09-14 06:23:13] format cocok ('print') -> masuk render_checklist_report()
[2026-09-14 06:23:13] render_checklist_report() mulai | format=print
[2026-09-14 06:23:13] inner() mulai | bulan=9 tahun=2026 day_count=30
[2026-09-14 06:23:13] query selesai | jumlah row=0 | lastError=NULL
[2026-09-14 06:23:13] data siap, pelaksana terisi utk 0 hari. Mau panggil render_view() sekarang...
[2026-09-14 06:23:13] HTML report kebentuk, panjang=70911 karakter (format=print)
[2026-09-14 06:23:13] shutdown handler jalan, TIDAK ada fatal error tercatat (format=print)
[2026-09-14 06:23:13] index() called | format mentah='print' | format lowercase='print' | bulan=NULL | tahun=NULL
[2026-09-14 06:23:13] format cocok ('print') -> masuk render_checklist_report()
[2026-09-14 06:23:13] render_checklist_report() mulai | format=print
[2026-09-14 06:23:13] inner() mulai | bulan=9 tahun=2026 day_count=30
[2026-09-14 06:23:13] query selesai | jumlah row=0 | lastError=NULL
[2026-09-14 06:23:13] data siap, pelaksana terisi utk 0 hari. Mau panggil render_view() sekarang...
[2026-09-14 06:23:13] HTML report kebentuk, panjang=70911 karakter (format=print)
[2026-09-14 06:23:13] shutdown handler jalan, TIDAK ada fatal error tercatat (format=print)
[2026-09-14 06:23:13] index() called | format mentah='print' | format lowercase='print' | bulan=NULL | tahun=NULL
[2026-09-14 06:23:13] format cocok ('print') -> masuk render_checklist_report()
[2026-09-14 06:23:13] render_checklist_report() mulai | format=print
[2026-09-14 06:23:13] inner() mulai | bulan=9 tahun=2026 day_count=30
[2026-09-14 06:23:13] query selesai | jumlah row=0 | lastError=NULL
[2026-09-14 06:23:13] data siap, pelaksana terisi utk 0 hari. Mau panggil render_view() sekarang...
[2026-09-14 06:23:13] HTML report kebentuk, panjang=70911 karakter (format=print)
[2026-09-14 06:23:13] shutdown handler jalan, TIDAK ada fatal error tercatat (format=print)
[2026-09-14 06:23:13] index() called | format mentah='print' | format lowercase='print' | bulan=NULL | tahun=NULL
[2026-09-14 06:23:13] format cocok ('print') -> masuk render_checklist_report()
[2026-09-14 06:23:13] render_checklist_report() mulai | format=print
[2026-09-14 06:23:13] inner() mulai | bulan=9 tahun=2026 day_count=30
[2026-09-14 06:23:13] query selesai | jumlah row=0 | lastError=NULL
[2026-09-14 06:23:13] data siap, pelaksana terisi utk 0 hari. Mau panggil render_view() sekarang...
[2026-09-14 06:23:13] HTML report kebentuk, panjang=70911 karakter (format=print)
[2026-09-14 06:23:13] shutdown handler jalan, TIDAK ada fatal error tercatat (format=print)
[2026-09-14 06:23:18] index() called | format mentah='print' | format lowercase='print' | bulan=NULL | tahun=NULL
[2026-09-14 06:23:18] format cocok ('print') -> masuk render_checklist_report()
[2026-09-14 06:23:18] render_checklist_report() mulai | format=print
[2026-09-14 06:23:18] inner() mulai | bulan=9 tahun=2026 day_count=30
[2026-09-14 06:23:18] query selesai | jumlah row=0 | lastError=NULL
[2026-09-14 06:23:18] data siap, pelaksana terisi utk 0 hari. Mau panggil render_view() sekarang...
[2026-09-14 06:23:18] HTML report kebentuk, panjang=70911 karakter (format=print)
[2026-09-14 06:23:18] shutdown handler jalan, TIDAK ada fatal error tercatat (format=print)
[2026-09-14 06:23:18] index() called | format mentah='print' | format lowercase='print' | bulan=NULL | tahun=NULL
[2026-09-14 06:23:18] format cocok ('print') -> masuk render_checklist_report()
[2026-09-14 06:23:18] render_checklist_report() mulai | format=print
[2026-09-14 06:23:18] inner() mulai | bulan=9 tahun=2026 day_count=30
[2026-09-14 06:23:18] query selesai | jumlah row=0 | lastError=NULL
[2026-09-14 06:23:18] data siap, pelaksana terisi utk 0 hari. Mau panggil render_view() sekarang...
[2026-09-14 06:23:18] HTML report kebentuk, panjang=70911 karakter (format=print)
[2026-09-14 06:23:18] shutdown handler jalan, TIDAK ada fatal error tercatat (format=print)
[2026-09-14 06:23:19] index() called | format mentah='print' | format lowercase='print' | bulan='8' | tahun='2026'
[2026-09-14 06:23:19] format cocok ('print') -> masuk render_checklist_report()
[2026-09-14 06:23:19] render_checklist_report() mulai | format=print
[2026-09-14 06:23:19] inner() mulai | bulan=8 tahun=2026 day_count=31
[2026-09-14 06:23:19] query selesai | jumlah row=12 | lastError=NULL
[2026-09-14 06:23:19] data siap, pelaksana terisi utk 12 hari. Mau panggil render_view() sekarang...
[2026-09-14 06:23:19] HTML report kebentuk, panjang=83831 karakter (format=print)
[2026-09-14 06:23:19] shutdown handler jalan, TIDAK ada fatal error tercatat (format=print)
[2026-09-14 06:23:19] index() called | format mentah='print' | format lowercase='print' | bulan='8' | tahun='2026'
[2026-09-14 06:23:19] format cocok ('print') -> masuk render_checklist_report()
[2026-09-14 06:23:19] render_checklist_report() mulai | format=print
[2026-09-14 06:23:19] inner() mulai | bulan=8 tahun=2026 day_count=31
[2026-09-14 06:23:19] query selesai | jumlah row=12 | lastError=NULL
[2026-09-14 06:23:19] data siap, pelaksana terisi utk 12 hari. Mau panggil render_view() sekarang...
[2026-09-14 06:23:19] HTML report kebentuk, panjang=83831 karakter (format=print)
[2026-09-14 06:23:19] shutdown handler jalan, TIDAK ada fatal error tercatat (format=print)
[2026-09-14 06:23:23] index() called | format mentah='print' | format lowercase='print' | bulan='8' | tahun='2026'
[2026-09-14 06:23:23] format cocok ('print') -> masuk render_checklist_report()
[2026-09-14 06:23:23] render_checklist_report() mulai | format=print
[2026-09-14 06:23:23] inner() mulai | bulan=8 tahun=2026 day_count=31
[2026-09-14 06:23:23] query selesai | jumlah row=12 | lastError=NULL
[2026-09-14 06:23:23] data siap, pelaksana terisi utk 12 hari. Mau panggil render_view() sekarang...
[2026-09-14 06:23:23] HTML report kebentuk, panjang=83831 karakter (format=print)
[2026-09-14 06:23:23] shutdown handler jalan, TIDAK ada fatal error tercatat (format=print)
[2026-09-14 08:52:55] index() called | format mentah='print' | format lowercase='print' | bulan=NULL | tahun=NULL
[2026-09-14 08:52:55] format cocok ('print') -> masuk render_checklist_report()
[2026-09-14 08:52:55] render_checklist_report() mulai | format=print
[2026-09-14 08:52:55] inner() mulai | bulan=9 tahun=2026 day_count=30
[2026-09-14 08:52:55] query selesai | jumlah row=0 | lastError=NULL
[2026-09-14 08:52:55] data siap, pelaksana terisi utk 0 hari. Mau panggil render_view() sekarang...
[2026-09-14 08:52:55] HTML report kebentuk, panjang=70911 karakter (format=print)
[2026-09-14 08:52:55] shutdown handler jalan, TIDAK ada fatal error tercatat (format=print)
[2026-09-14 08:53:42] index() called | format mentah='print' | format lowercase='print' | bulan='8' | tahun='2026'
[2026-09-14 08:53:42] format cocok ('print') -> masuk render_checklist_report()
[2026-09-14 08:53:42] render_checklist_report() mulai | format=print
[2026-09-14 08:53:42] inner() mulai | bulan=8 tahun=2026 day_count=31
[2026-09-14 08:53:42] query selesai | jumlah row=12 | lastError=NULL
[2026-09-14 08:53:42] data siap, pelaksana terisi utk 12 hari. Mau panggil render_view() sekarang...
[2026-09-14 08:53:42] HTML report kebentuk, panjang=83831 karakter (format=print)
[2026-09-14 08:53:42] shutdown handler jalan, TIDAK ada fatal error tercatat (format=print)
[2026-09-14 08:53:44] index() called | format mentah='print' | format lowercase='print' | bulan='8' | tahun='2026'
[2026-09-14 08:53:44] format cocok ('print') -> masuk render_checklist_report()
[2026-09-14 08:53:44] render_checklist_report() mulai | format=print
[2026-09-14 08:53:44] inner() mulai | bulan=8 tahun=2026 day_count=31
[2026-09-14 08:53:44] query selesai | jumlah row=12 | lastError=NULL
[2026-09-14 08:53:44] data siap, pelaksana terisi utk 12 hari. Mau panggil render_view() sekarang...
[2026-09-14 08:53:44] HTML report kebentuk, panjang=83831 karakter (format=print)
[2026-09-14 08:53:44] shutdown handler jalan, TIDAK ada fatal error tercatat (format=print)
[2026-09-14 08:56:19] index() called | format mentah='print' | format lowercase='print' | bulan='8' | tahun='2026'
[2026-09-14 08:56:19] format cocok ('print') -> masuk render_checklist_report()
[2026-09-14 08:56:19] render_checklist_report() mulai | format=print
[2026-09-14 08:56:19] inner() mulai | bulan=8 tahun=2026 day_count=31
[2026-09-14 08:56:19] query selesai | jumlah row=12 | lastError=NULL
[2026-09-14 08:56:19] data siap, pelaksana terisi utk 12 hari. Mau panggil render_view() sekarang...
[2026-09-14 08:56:19] HTML report kebentuk, panjang=83831 karakter (format=print)
[2026-09-14 08:56:19] shutdown handler jalan, TIDAK ada fatal error tercatat (format=print)
[2026-09-14 08:56:21] index() called | format mentah='print' | format lowercase='print' | bulan='8' | tahun='2026'
[2026-09-14 08:56:21] format cocok ('print') -> masuk render_checklist_report()
[2026-09-14 08:56:21] render_checklist_report() mulai | format=print
[2026-09-14 08:56:21] inner() mulai | bulan=8 tahun=2026 day_count=31
[2026-09-14 08:56:21] query selesai | jumlah row=12 | lastError=NULL
[2026-09-14 08:56:21] data siap, pelaksana terisi utk 12 hari. Mau panggil render_view() sekarang...
[2026-09-14 08:56:21] HTML report kebentuk, panjang=83831 karakter (format=print)
[2026-09-14 08:56:21] shutdown handler jalan, TIDAK ada fatal error tercatat (format=print)
[2026-09-14 09:04:41] index() called | format mentah='pdf' | format lowercase='pdf' | bulan='8' | tahun='2026'
[2026-09-14 09:04:41] format cocok ('pdf') -> masuk render_checklist_report()
[2026-09-14 09:04:41] render_checklist_report() mulai | format=pdf
[2026-09-14 09:04:41] inner() mulai | bulan=8 tahun=2026 day_count=31
[2026-09-14 09:04:41] query selesai | jumlah row=12 | lastError=NULL
[2026-09-14 09:04:41] data siap, pelaksana terisi utk 12 hari. Mau panggil render_view() sekarang...
[2026-09-14 09:04:41] format=pdf -> kolom foto dimatiin (keterbatasan dompdf 0.8.3)
[2026-09-14 09:04:41] HTML report kebentuk, panjang=83459 karakter (format=pdf)
[2026-09-14 09:04:42] PDF jadi, ukuran=19700 byte
[2026-09-14 09:04:42] shutdown handler jalan, TIDAK ada fatal error tercatat (format=pdf)
[2026-09-14 09:04:43] index() called | format mentah='pdf' | format lowercase='pdf' | bulan='8' | tahun='2026'
[2026-09-14 09:04:43] format cocok ('pdf') -> masuk render_checklist_report()
[2026-09-14 09:04:43] render_checklist_report() mulai | format=pdf
[2026-09-14 09:04:43] inner() mulai | bulan=8 tahun=2026 day_count=31
[2026-09-14 09:04:43] query selesai | jumlah row=12 | lastError=NULL
[2026-09-14 09:04:43] data siap, pelaksana terisi utk 12 hari. Mau panggil render_view() sekarang...
[2026-09-14 09:04:43] format=pdf -> kolom foto dimatiin (keterbatasan dompdf 0.8.3)
[2026-09-14 09:04:43] HTML report kebentuk, panjang=83459 karakter (format=pdf)
[2026-09-14 09:04:43] PDF jadi, ukuran=19700 byte
[2026-09-14 09:04:43] shutdown handler jalan, TIDAK ada fatal error tercatat (format=pdf)
[2026-09-14 09:07:41] index() called | format mentah='print' | format lowercase='print' | bulan=NULL | tahun=NULL
[2026-09-14 09:07:41] format cocok ('print') -> masuk render_checklist_report()
[2026-09-14 09:07:41] render_checklist_report() mulai | format=print
[2026-09-14 09:07:41] inner() mulai | bulan=9 tahun=2026 day_count=30
[2026-09-14 09:07:41] query selesai | jumlah row=0 | lastError=NULL
[2026-09-14 09:07:41] data siap, pelaksana terisi utk 0 hari. Mau panggil render_view() sekarang...
[2026-09-14 09:07:41] HTML report kebentuk, panjang=70911 karakter (format=print)
[2026-09-14 09:07:41] shutdown handler jalan, TIDAK ada fatal error tercatat (format=print)
[2026-09-14 09:19:57] index() called | format mentah=NULL | format lowercase='' | bulan=NULL | tahun=NULL
[2026-09-14 09:19:57] format TIDAK cocok kondisi kita (raw=NULL) -> lanjut ke logic list() normal di bawah
[2026-09-14 09:20:00] index() called | format mentah=NULL | format lowercase='' | bulan=NULL | tahun=NULL
[2026-09-14 09:20:00] format TIDAK cocok kondisi kita (raw=NULL) -> lanjut ke logic list() normal di bawah
[2026-09-14 09:20:04] index() called | format mentah='print' | format lowercase='print' | bulan=NULL | tahun=NULL
[2026-09-14 09:20:04] format cocok ('print') -> masuk render_checklist_report()
[2026-09-14 09:20:04] render_checklist_report() mulai | format=print
[2026-09-14 09:20:04] inner() mulai | bulan=9 tahun=2026 day_count=30
[2026-09-14 09:20:04] query selesai | jumlah row=0 | lastError=NULL
[2026-09-14 09:20:04] data siap, pelaksana terisi utk 0 hari. Mau panggil render_view() sekarang...
[2026-09-14 09:20:04] HTML report kebentuk, panjang=82281 karakter (format=print)
[2026-09-14 09:20:04] shutdown handler jalan, TIDAK ada fatal error tercatat (format=print)
[2026-09-14 09:20:41] index() called | format mentah='pdf' | format lowercase='pdf' | bulan='8' | tahun='2026'
[2026-09-14 09:20:41] format cocok ('pdf') -> masuk render_checklist_report()
[2026-09-14 09:20:41] render_checklist_report() mulai | format=pdf
[2026-09-14 09:20:41] inner() mulai | bulan=8 tahun=2026 day_count=31
[2026-09-14 09:20:41] query selesai | jumlah row=13 | lastError=NULL
[2026-09-14 09:20:41] data siap, pelaksana terisi utk 13 hari. Mau panggil render_view() sekarang...
[2026-09-14 09:20:41] format=pdf -> kolom foto dimatiin (keterbatasan dompdf 0.8.3)
[2026-09-14 09:20:41] HTML report kebentuk, panjang=96127 karakter (format=pdf)
[2026-09-14 09:20:42] PDF jadi, ukuran=19880 byte
[2026-09-14 09:20:42] shutdown handler jalan, TIDAK ada fatal error tercatat (format=pdf)
[2026-09-14 09:20:47] index() called | format mentah='print' | format lowercase='print' | bulan='8' | tahun='2026'
[2026-09-14 09:20:47] format cocok ('print') -> masuk render_checklist_report()
[2026-09-14 09:20:47] render_checklist_report() mulai | format=print
[2026-09-14 09:20:47] inner() mulai | bulan=8 tahun=2026 day_count=31
[2026-09-14 09:20:47] query selesai | jumlah row=13 | lastError=NULL
[2026-09-14 09:20:47] data siap, pelaksana terisi utk 13 hari. Mau panggil render_view() sekarang...
[2026-09-14 09:20:47] HTML report kebentuk, panjang=96499 karakter (format=print)
[2026-09-14 09:20:47] shutdown handler jalan, TIDAK ada fatal error tercatat (format=print)
[2026-09-14 09:20:48] index() called | format mentah='print' | format lowercase='print' | bulan='8' | tahun='2026'
[2026-09-14 09:20:48] format cocok ('print') -> masuk render_checklist_report()
[2026-09-14 09:20:48] render_checklist_report() mulai | format=print
[2026-09-14 09:20:48] inner() mulai | bulan=8 tahun=2026 day_count=31
[2026-09-14 09:20:48] query selesai | jumlah row=13 | lastError=NULL
[2026-09-14 09:20:48] data siap, pelaksana terisi utk 13 hari. Mau panggil render_view() sekarang...
[2026-09-14 09:20:48] HTML report kebentuk, panjang=96499 karakter (format=print)
[2026-09-14 09:20:48] shutdown handler jalan, TIDAK ada fatal error tercatat (format=print)
[2026-09-14 09:41:55] index() called | format mentah='print' | format lowercase='print' | bulan='8' | tahun='2026'
[2026-09-14 09:41:55] format cocok ('print') -> masuk render_checklist_report()
[2026-09-14 09:41:55] render_checklist_report() mulai | format=print
[2026-09-14 09:41:55] inner() mulai | bulan=8 tahun=2026 day_count=31
[2026-09-14 09:41:55] query selesai | jumlah row=13 | lastError=NULL
[2026-09-14 09:41:55] data siap, pelaksana terisi utk 13 hari. Mau panggil render_view() sekarang...
[2026-09-14 09:41:55] HTML report kebentuk, panjang=96499 karakter (format=print)
[2026-09-14 09:41:55] shutdown handler jalan, TIDAK ada fatal error tercatat (format=print)
[2026-09-14 09:42:00] index() called | format mentah='word' | format lowercase='word' | bulan='8' | tahun='2026'
[2026-09-14 09:42:00] format cocok ('word') -> masuk render_checklist_report()
[2026-09-14 09:42:00] render_checklist_report() mulai | format=word
[2026-09-14 09:42:00] inner() mulai | bulan=8 tahun=2026 day_count=31
[2026-09-14 09:42:00] query selesai | jumlah row=13 | lastError=NULL
[2026-09-14 09:42:00] data siap, pelaksana terisi utk 13 hari. Mau panggil render_view() sekarang...
[2026-09-14 09:42:00] HTML report kebentuk, panjang=96456 karakter (format=word)
[2026-09-14 09:42:00] shutdown handler jalan, TIDAK ada fatal error tercatat (format=word)
[2026-09-14 10:00:16] index() called | format mentah='print' | format lowercase='print' | bulan='8' | tahun='2026'
[2026-09-14 10:00:16] format cocok ('print') -> masuk render_checklist_report()
[2026-09-14 10:00:16] render_checklist_report() mulai | format=print
[2026-09-14 10:00:16] inner() mulai | bulan=8 tahun=2026 day_count=31
[2026-09-14 10:00:16] query selesai | jumlah row=13 | lastError=NULL
[2026-09-14 10:00:16] data siap, pelaksana terisi utk 13 hari. Mau panggil render_view() sekarang...
[2026-09-14 10:00:16] HTML report kebentuk, panjang=96499 karakter (format=print)
[2026-09-14 10:00:16] shutdown handler jalan, TIDAK ada fatal error tercatat (format=print)
[2026-09-14 10:00:16] index() called | format mentah='print' | format lowercase='print' | bulan='8' | tahun='2026'
[2026-09-14 10:00:16] format cocok ('print') -> masuk render_checklist_report()
[2026-09-14 10:00:16] render_checklist_report() mulai | format=print
[2026-09-14 10:00:16] inner() mulai | bulan=8 tahun=2026 day_count=31
[2026-09-14 10:00:16] query selesai | jumlah row=13 | lastError=NULL
[2026-09-14 10:00:16] data siap, pelaksana terisi utk 13 hari. Mau panggil render_view() sekarang...
[2026-09-14 10:00:16] HTML report kebentuk, panjang=96499 karakter (format=print)
[2026-09-14 10:00:16] shutdown handler jalan, TIDAK ada fatal error tercatat (format=print)
[2026-09-14 10:00:18] index() called | format mentah='print' | format lowercase='print' | bulan='8' | tahun='2026'
[2026-09-14 10:00:18] format cocok ('print') -> masuk render_checklist_report()
[2026-09-14 10:00:18] render_checklist_report() mulai | format=print
[2026-09-14 10:00:18] inner() mulai | bulan=8 tahun=2026 day_count=31
[2026-09-14 10:00:18] query selesai | jumlah row=13 | lastError=NULL
[2026-09-14 10:00:18] data siap, pelaksana terisi utk 13 hari. Mau panggil render_view() sekarang...
[2026-09-14 10:00:18] HTML report kebentuk, panjang=96499 karakter (format=print)
[2026-09-14 10:00:18] shutdown handler jalan, TIDAK ada fatal error tercatat (format=print)
[2026-09-14 10:00:19] index() called | format mentah='pdf' | format lowercase='pdf' | bulan='8' | tahun='2026'
[2026-09-14 10:00:19] format cocok ('pdf') -> masuk render_checklist_report()
[2026-09-14 10:00:19] render_checklist_report() mulai | format=pdf
[2026-09-14 10:00:19] inner() mulai | bulan=8 tahun=2026 day_count=31
[2026-09-14 10:00:19] query selesai | jumlah row=13 | lastError=NULL
[2026-09-14 10:00:19] data siap, pelaksana terisi utk 13 hari. Mau panggil render_view() sekarang...
[2026-09-14 10:00:19] format=pdf -> kolom foto dimatiin (keterbatasan dompdf 0.8.3)
[2026-09-14 10:00:19] HTML report kebentuk, panjang=96127 karakter (format=pdf)
[2026-09-14 10:00:19] PDF jadi, ukuran=19880 byte
[2026-09-14 10:00:19] shutdown handler jalan, TIDAK ada fatal error tercatat (format=pdf)
[2026-09-14 10:01:54] index() called | format mentah='pdf' | format lowercase='pdf' | bulan='8' | tahun='2026'
[2026-09-14 10:01:54] format cocok ('pdf') -> masuk render_checklist_report()
[2026-09-14 10:01:54] render_checklist_report() mulai | format=pdf
[2026-09-14 10:01:54] inner() mulai | bulan=8 tahun=2026 day_count=31
[2026-09-14 10:01:54] query selesai | jumlah row=13 | lastError=NULL
[2026-09-14 10:01:54] data siap, pelaksana terisi utk 13 hari. Mau panggil render_view() sekarang...
[2026-09-14 10:01:54] format=pdf -> kolom foto dimatiin (keterbatasan dompdf 0.8.3)
[2026-09-14 10:01:54] HTML report kebentuk, panjang=96127 karakter (format=pdf)
[2026-09-14 10:01:55] PDF jadi, ukuran=19880 byte
[2026-09-14 10:01:55] shutdown handler jalan, TIDAK ada fatal error tercatat (format=pdf)
[2026-09-14 10:02:10] index() called | format mentah='print' | format lowercase='print' | bulan=NULL | tahun=NULL
[2026-09-14 10:02:10] format cocok ('print') -> masuk render_checklist_report()
[2026-09-14 10:02:10] render_checklist_report() mulai | format=print
[2026-09-14 10:02:10] inner() mulai | bulan=9 tahun=2026 day_count=30
[2026-09-14 10:02:10] query selesai | jumlah row=0 | lastError=NULL
[2026-09-14 10:02:10] data siap, pelaksana terisi utk 0 hari. Mau panggil render_view() sekarang...
[2026-09-14 10:02:10] HTML report kebentuk, panjang=82281 karakter (format=print)
[2026-09-14 10:02:10] shutdown handler jalan, TIDAK ada fatal error tercatat (format=print)
[2026-09-14 10:02:21] index() called | format mentah='pdf' | format lowercase='pdf' | bulan='8' | tahun='2026'
[2026-09-14 10:02:21] format cocok ('pdf') -> masuk render_checklist_report()
[2026-09-14 10:02:21] render_checklist_report() mulai | format=pdf
[2026-09-14 10:02:21] inner() mulai | bulan=8 tahun=2026 day_count=31
[2026-09-14 10:02:21] query selesai | jumlah row=13 | lastError=NULL
[2026-09-14 10:02:21] data siap, pelaksana terisi utk 13 hari. Mau panggil render_view() sekarang...
[2026-09-14 10:02:21] format=pdf -> kolom foto dimatiin (keterbatasan dompdf 0.8.3)
[2026-09-14 10:02:21] HTML report kebentuk, panjang=96127 karakter (format=pdf)
[2026-09-14 10:02:22] PDF jadi, ukuran=19880 byte
[2026-09-14 10:02:22] shutdown handler jalan, TIDAK ada fatal error tercatat (format=pdf)
[2026-09-14 10:02:25] index() called | format mentah='print' | format lowercase='print' | bulan='8' | tahun='2026'
[2026-09-14 10:02:25] format cocok ('print') -> masuk render_checklist_report()
[2026-09-14 10:02:25] render_checklist_report() mulai | format=print
[2026-09-14 10:02:25] inner() mulai | bulan=8 tahun=2026 day_count=31
[2026-09-14 10:02:25] query selesai | jumlah row=13 | lastError=NULL
[2026-09-14 10:02:25] data siap, pelaksana terisi utk 13 hari. Mau panggil render_view() sekarang...
[2026-09-14 10:02:25] HTML report kebentuk, panjang=96499 karakter (format=print)
[2026-09-14 10:02:25] shutdown handler jalan, TIDAK ada fatal error tercatat (format=print)
[2026-09-14 10:02:27] index() called | format mentah='print' | format lowercase='print' | bulan='8' | tahun='2026'
[2026-09-14 10:02:27] format cocok ('print') -> masuk render_checklist_report()
[2026-09-14 10:02:27] render_checklist_report() mulai | format=print
[2026-09-14 10:02:27] inner() mulai | bulan=8 tahun=2026 day_count=31
[2026-09-14 10:02:27] query selesai | jumlah row=13 | lastError=NULL
[2026-09-14 10:02:27] data siap, pelaksana terisi utk 13 hari. Mau panggil render_view() sekarang...
[2026-09-14 10:02:27] HTML report kebentuk, panjang=96499 karakter (format=print)
[2026-09-14 10:02:27] shutdown handler jalan, TIDAK ada fatal error tercatat (format=print)
[2026-09-15 07:29:39] index() called | format mentah=NULL | format lowercase='' | bulan=NULL | tahun=NULL
[2026-09-15 07:29:39] format TIDAK cocok kondisi kita (raw=NULL) -> lanjut ke logic list() normal di bawah
[2026-09-15 07:29:43] index() called | format mentah=NULL | format lowercase='' | bulan=NULL | tahun=NULL
[2026-09-15 07:29:43] format TIDAK cocok kondisi kita (raw=NULL) -> lanjut ke logic list() normal di bawah
[2026-09-15 07:29:52] index() called | format mentah='print' | format lowercase='print' | bulan=NULL | tahun=NULL
[2026-09-15 07:29:52] format cocok ('print') -> masuk render_checklist_report()
[2026-09-15 07:29:52] render_checklist_report() mulai | format=print
[2026-09-15 07:29:52] inner() mulai | bulan=9 tahun=2026 day_count=30
[2026-09-15 07:29:52] query selesai | jumlah row=0 | lastError=NULL
[2026-09-15 07:29:52] data siap, pelaksana terisi utk 0 hari. Mau panggil render_view() sekarang...
[2026-09-15 07:29:52] HTML report kebentuk, panjang=82281 karakter (format=print)
[2026-09-15 07:29:52] shutdown handler jalan, TIDAK ada fatal error tercatat (format=print)
[2026-09-15 07:32:21] index() called | format mentah=NULL | format lowercase='' | bulan=NULL | tahun=NULL
[2026-09-15 07:32:21] format TIDAK cocok kondisi kita (raw=NULL) -> lanjut ke logic list() normal di bawah
[2026-09-15 07:32:21] index() called | format mentah=NULL | format lowercase='' | bulan=NULL | tahun=NULL
[2026-09-15 07:32:21] format TIDAK cocok kondisi kita (raw=NULL) -> lanjut ke logic list() normal di bawah
[2026-09-15 07:32:21] index() called | format mentah=NULL | format lowercase='' | bulan=NULL | tahun=NULL
[2026-09-15 07:32:21] format TIDAK cocok kondisi kita (raw=NULL) -> lanjut ke logic list() normal di bawah
[2026-09-15 07:32:31] index() called | format mentah='pdf' | format lowercase='pdf' | bulan=NULL | tahun=NULL
[2026-09-15 07:32:31] format cocok ('pdf') -> masuk render_checklist_report()
[2026-09-15 07:32:31] render_checklist_report() mulai | format=pdf
[2026-09-15 07:32:31] inner() mulai | bulan=9 tahun=2026 day_count=30
[2026-09-15 07:32:31] query selesai | jumlah row=0 | lastError=NULL
[2026-09-15 07:32:31] data siap, pelaksana terisi utk 0 hari. Mau panggil render_view() sekarang...
[2026-09-15 07:32:31] format=pdf -> kolom foto dimatiin (keterbatasan dompdf 0.8.3)
[2026-09-15 07:32:31] HTML report kebentuk, panjang=81909 karakter (format=pdf)
[2026-09-15 07:32:31] PDF jadi, ukuran=17504 byte
[2026-09-15 07:32:31] shutdown handler jalan, TIDAK ada fatal error tercatat (format=pdf)
[2026-09-15 07:37:32] index() called | format mentah=NULL | format lowercase='' | bulan=NULL | tahun=NULL
[2026-09-15 07:37:32] format TIDAK cocok kondisi kita (raw=NULL) -> lanjut ke logic list() normal di bawah
[2026-09-15 07:37:35] index() called | format mentah=NULL | format lowercase='' | bulan=NULL | tahun=NULL
[2026-09-15 07:37:35] format TIDAK cocok kondisi kita (raw=NULL) -> lanjut ke logic list() normal di bawah
[2026-09-15 07:37:42] index() called | format mentah=NULL | format lowercase='' | bulan=NULL | tahun=NULL
[2026-09-15 07:37:42] format TIDAK cocok kondisi kita (raw=NULL) -> lanjut ke logic list() normal di bawah
[2026-09-15 07:37:44] index() called | format mentah=NULL | format lowercase='' | bulan=NULL | tahun=NULL
[2026-09-15 07:37:44] format TIDAK cocok kondisi kita (raw=NULL) -> lanjut ke logic list() normal di bawah
[2026-09-15 07:37:45] index() called | format mentah=NULL | format lowercase='' | bulan=NULL | tahun=NULL
[2026-09-15 07:37:45] format TIDAK cocok kondisi kita (raw=NULL) -> lanjut ke logic list() normal di bawah
[2026-09-15 07:37:45] index() called | format mentah=NULL | format lowercase='' | bulan=NULL | tahun=NULL
[2026-09-15 07:37:45] format TIDAK cocok kondisi kita (raw=NULL) -> lanjut ke logic list() normal di bawah
[2026-09-15 07:37:45] index() called | format mentah=NULL | format lowercase='' | bulan=NULL | tahun=NULL
[2026-09-15 07:37:45] format TIDAK cocok kondisi kita (raw=NULL) -> lanjut ke logic list() normal di bawah
[2026-09-15 07:37:45] index() called | format mentah=NULL | format lowercase='' | bulan=NULL | tahun=NULL
[2026-09-15 07:37:45] format TIDAK cocok kondisi kita (raw=NULL) -> lanjut ke logic list() normal di bawah
[2026-09-15 07:37:45] index() called | format mentah=NULL | format lowercase='' | bulan=NULL | tahun=NULL
[2026-09-15 07:37:45] format TIDAK cocok kondisi kita (raw=NULL) -> lanjut ke logic list() normal di bawah
[2026-09-15 07:37:45] index() called | format mentah=NULL | format lowercase='' | bulan=NULL | tahun=NULL
[2026-09-15 07:37:45] format TIDAK cocok kondisi kita (raw=NULL) -> lanjut ke logic list() normal di bawah
[2026-09-15 07:37:45] index() called | format mentah=NULL | format lowercase='' | bulan=NULL | tahun=NULL
[2026-09-15 07:37:45] format TIDAK cocok kondisi kita (raw=NULL) -> lanjut ke logic list() normal di bawah
[2026-09-15 07:37:45] index() called | format mentah=NULL | format lowercase='' | bulan=NULL | tahun=NULL
[2026-09-15 07:37:45] format TIDAK cocok kondisi kita (raw=NULL) -> lanjut ke logic list() normal di bawah
[2026-09-15 07:37:45] index() called | format mentah=NULL | format lowercase='' | bulan=NULL | tahun=NULL
[2026-09-15 07:37:45] format TIDAK cocok kondisi kita (raw=NULL) -> lanjut ke logic list() normal di bawah
[2026-09-15 07:37:45] index() called | format mentah=NULL | format lowercase='' | bulan=NULL | tahun=NULL
[2026-09-15 07:37:45] format TIDAK cocok kondisi kita (raw=NULL) -> lanjut ke logic list() normal di bawah
[2026-09-15 07:37:45] index() called | format mentah=NULL | format lowercase='' | bulan=NULL | tahun=NULL
[2026-09-15 07:37:45] format TIDAK cocok kondisi kita (raw=NULL) -> lanjut ke logic list() normal di bawah
[2026-09-15 07:37:45] index() called | format mentah=NULL | format lowercase='' | bulan=NULL | tahun=NULL
[2026-09-15 07:37:45] format TIDAK cocok kondisi kita (raw=NULL) -> lanjut ke logic list() normal di bawah
[2026-09-15 07:37:46] index() called | format mentah=NULL | format lowercase='' | bulan=NULL | tahun=NULL
[2026-09-15 07:37:46] format TIDAK cocok kondisi kita (raw=NULL) -> lanjut ke logic list() normal di bawah
[2026-09-15 07:37:46] index() called | format mentah=NULL | format lowercase='' | bulan=NULL | tahun=NULL
[2026-09-15 07:37:46] format TIDAK cocok kondisi kita (raw=NULL) -> lanjut ke logic list() normal di bawah
[2026-09-15 07:37:46] index() called | format mentah=NULL | format lowercase='' | bulan=NULL | tahun=NULL
[2026-09-15 07:37:46] format TIDAK cocok kondisi kita (raw=NULL) -> lanjut ke logic list() normal di bawah
[2026-09-15 07:37:46] index() called | format mentah=NULL | format lowercase='' | bulan=NULL | tahun=NULL
[2026-09-15 07:37:46] format TIDAK cocok kondisi kita (raw=NULL) -> lanjut ke logic list() normal di bawah
[2026-09-15 07:37:46] index() called | format mentah=NULL | format lowercase='' | bulan=NULL | tahun=NULL
[2026-09-15 07:37:46] format TIDAK cocok kondisi kita (raw=NULL) -> lanjut ke logic list() normal di bawah
[2026-09-15 07:37:46] index() called | format mentah=NULL | format lowercase='' | bulan=NULL | tahun=NULL
[2026-09-15 07:37:46] format TIDAK cocok kondisi kita (raw=NULL) -> lanjut ke logic list() normal di bawah
[2026-09-15 07:37:46] index() called | format mentah=NULL | format lowercase='' | bulan=NULL | tahun=NULL
[2026-09-15 07:37:46] format TIDAK cocok kondisi kita (raw=NULL) -> lanjut ke logic list() normal di bawah
[2026-09-15 07:37:46] index() called | format mentah=NULL | format lowercase='' | bulan=NULL | tahun=NULL
[2026-09-15 07:37:46] format TIDAK cocok kondisi kita (raw=NULL) -> lanjut ke logic list() normal di bawah
[2026-09-15 07:37:46] index() called | format mentah=NULL | format lowercase='' | bulan=NULL | tahun=NULL
[2026-09-15 07:37:46] format TIDAK cocok kondisi kita (raw=NULL) -> lanjut ke logic list() normal di bawah
[2026-09-15 07:37:46] index() called | format mentah=NULL | format lowercase='' | bulan=NULL | tahun=NULL
[2026-09-15 07:37:46] format TIDAK cocok kondisi kita (raw=NULL) -> lanjut ke logic list() normal di bawah
[2026-09-15 07:37:46] index() called | format mentah=NULL | format lowercase='' | bulan=NULL | tahun=NULL
[2026-09-15 07:37:46] format TIDAK cocok kondisi kita (raw=NULL) -> lanjut ke logic list() normal di bawah
[2026-09-15 07:37:47] index() called | format mentah=NULL | format lowercase='' | bulan=NULL | tahun=NULL
[2026-09-15 07:37:47] format TIDAK cocok kondisi kita (raw=NULL) -> lanjut ke logic list() normal di bawah
[2026-09-15 07:37:47] index() called | format mentah=NULL | format lowercase='' | bulan=NULL | tahun=NULL
[2026-09-15 07:37:47] format TIDAK cocok kondisi kita (raw=NULL) -> lanjut ke logic list() normal di bawah
[2026-09-15 07:47:19] index() called | format mentah=NULL | format lowercase='' | bulan=NULL | tahun=NULL
[2026-09-15 07:47:19] format TIDAK cocok kondisi kita (raw=NULL) -> lanjut ke logic list() normal di bawah
[2026-09-15 07:47:21] index() called | format mentah=NULL | format lowercase='' | bulan=NULL | tahun=NULL
[2026-09-15 07:47:21] format TIDAK cocok kondisi kita (raw=NULL) -> lanjut ke logic list() normal di bawah
[2026-09-15 07:47:26] index() called | format mentah=NULL | format lowercase='' | bulan=NULL | tahun=NULL
[2026-09-15 07:47:26] format TIDAK cocok kondisi kita (raw=NULL) -> lanjut ke logic list() normal di bawah
[2026-09-15 08:08:56] index() called | format mentah=NULL | format lowercase='' | bulan=NULL | tahun=NULL
[2026-09-15 08:08:56] format TIDAK cocok kondisi kita (raw=NULL) -> lanjut ke logic list() normal di bawah
[2026-09-15 08:18:16] index() called | format mentah=NULL | format lowercase='' | bulan=NULL | tahun=NULL
[2026-09-15 08:18:16] format TIDAK cocok kondisi kita (raw=NULL) -> lanjut ke logic list() normal di bawah
[2026-09-15 08:19:26] index() called | format mentah=NULL | format lowercase='' | bulan=NULL | tahun=NULL
[2026-09-15 08:19:26] format TIDAK cocok kondisi kita (raw=NULL) -> lanjut ke logic list() normal di bawah
[2026-09-15 08:19:27] index() called | format mentah=NULL | format lowercase='' | bulan=NULL | tahun=NULL
[2026-09-15 08:19:27] format TIDAK cocok kondisi kita (raw=NULL) -> lanjut ke logic list() normal di bawah
[2026-09-15 08:19:27] index() called | format mentah=NULL | format lowercase='' | bulan=NULL | tahun=NULL
[2026-09-15 08:19:27] format TIDAK cocok kondisi kita (raw=NULL) -> lanjut ke logic list() normal di bawah
[2026-09-15 08:19:27] index() called | format mentah=NULL | format lowercase='' | bulan=NULL | tahun=NULL
[2026-09-15 08:19:27] format TIDAK cocok kondisi kita (raw=NULL) -> lanjut ke logic list() normal di bawah
[2026-09-15 08:19:28] index() called | format mentah=NULL | format lowercase='' | bulan=NULL | tahun=NULL
[2026-09-15 08:19:28] format TIDAK cocok kondisi kita (raw=NULL) -> lanjut ke logic list() normal di bawah
[2026-09-15 08:19:28] index() called | format mentah=NULL | format lowercase='' | bulan=NULL | tahun=NULL
[2026-09-15 08:19:28] format TIDAK cocok kondisi kita (raw=NULL) -> lanjut ke logic list() normal di bawah
[2026-09-15 08:19:28] index() called | format mentah=NULL | format lowercase='' | bulan=NULL | tahun=NULL
[2026-09-15 08:19:28] format TIDAK cocok kondisi kita (raw=NULL) -> lanjut ke logic list() normal di bawah
[2026-09-15 08:19:28] index() called | format mentah=NULL | format lowercase='' | bulan=NULL | tahun=NULL
[2026-09-15 08:19:28] format TIDAK cocok kondisi kita (raw=NULL) -> lanjut ke logic list() normal di bawah
[2026-09-15 08:19:28] index() called | format mentah=NULL | format lowercase='' | bulan=NULL | tahun=NULL
[2026-09-15 08:19:28] format TIDAK cocok kondisi kita (raw=NULL) -> lanjut ke logic list() normal di bawah
[2026-09-15 08:19:28] index() called | format mentah=NULL | format lowercase='' | bulan=NULL | tahun=NULL
[2026-09-15 08:19:28] format TIDAK cocok kondisi kita (raw=NULL) -> lanjut ke logic list() normal di bawah
[2026-09-15 08:19:28] index() called | format mentah=NULL | format lowercase='' | bulan=NULL | tahun=NULL
[2026-09-15 08:19:28] format TIDAK cocok kondisi kita (raw=NULL) -> lanjut ke logic list() normal di bawah
[2026-09-15 08:19:28] index() called | format mentah=NULL | format lowercase='' | bulan=NULL | tahun=NULL
[2026-09-15 08:19:28] format TIDAK cocok kondisi kita (raw=NULL) -> lanjut ke logic list() normal di bawah
[2026-09-15 08:19:28] index() called | format mentah=NULL | format lowercase='' | bulan=NULL | tahun=NULL
[2026-09-15 08:19:28] format TIDAK cocok kondisi kita (raw=NULL) -> lanjut ke logic list() normal di bawah
[2026-09-15 08:19:28] index() called | format mentah=NULL | format lowercase='' | bulan=NULL | tahun=NULL
[2026-09-15 08:19:28] format TIDAK cocok kondisi kita (raw=NULL) -> lanjut ke logic list() normal di bawah
[2026-09-15 08:19:28] index() called | format mentah=NULL | format lowercase='' | bulan=NULL | tahun=NULL
[2026-09-15 08:19:28] format TIDAK cocok kondisi kita (raw=NULL) -> lanjut ke logic list() normal di bawah
[2026-09-15 08:19:30] index() called | format mentah='print' | format lowercase='print' | bulan=NULL | tahun=NULL
[2026-09-15 08:19:30] format cocok ('print') -> masuk render_checklist_report()
[2026-09-15 08:19:30] render_checklist_report() mulai | format=print
[2026-09-15 08:19:30] inner() mulai | bulan=9 tahun=2026 day_count=30
[2026-09-15 08:19:30] query selesai | jumlah row=0 | lastError=NULL
[2026-09-15 08:19:30] data siap, pelaksana terisi utk 0 hari. Mau panggil render_view() sekarang...
[2026-09-15 08:19:30] HTML report kebentuk, panjang=82281 karakter (format=print)
[2026-09-15 08:19:30] shutdown handler jalan, TIDAK ada fatal error tercatat (format=print)
[2026-09-15 15:15:25] index() called | format mentah=NULL | format lowercase='' | bulan=NULL | tahun=NULL
[2026-09-15 15:15:25] format TIDAK cocok kondisi kita (raw=NULL) -> lanjut ke logic list() normal di bawah
[2026-09-15 15:15:30] index() called | format mentah=NULL | format lowercase='' | bulan=NULL | tahun=NULL
[2026-09-15 15:15:30] format TIDAK cocok kondisi kita (raw=NULL) -> lanjut ke logic list() normal di bawah
[2026-09-15 15:15:30] index() called | format mentah=NULL | format lowercase='' | bulan=NULL | tahun=NULL
[2026-09-15 15:15:30] format TIDAK cocok kondisi kita (raw=NULL) -> lanjut ke logic list() normal di bawah
[2026-09-15 15:15:30] index() called | format mentah=NULL | format lowercase='' | bulan=NULL | tahun=NULL
[2026-09-15 15:15:30] format TIDAK cocok kondisi kita (raw=NULL) -> lanjut ke logic list() normal di bawah
[2026-09-15 15:15:30] index() called | format mentah=NULL | format lowercase='' | bulan=NULL | tahun=NULL
[2026-09-15 15:15:30] format TIDAK cocok kondisi kita (raw=NULL) -> lanjut ke logic list() normal di bawah
[2026-09-15 15:15:30] index() called | format mentah=NULL | format lowercase='' | bulan=NULL | tahun=NULL
[2026-09-15 15:15:30] format TIDAK cocok kondisi kita (raw=NULL) -> lanjut ke logic list() normal di bawah
[2026-09-15 15:15:30] index() called | format mentah=NULL | format lowercase='' | bulan=NULL | tahun=NULL
[2026-09-15 15:15:30] format TIDAK cocok kondisi kita (raw=NULL) -> lanjut ke logic list() normal di bawah
[2026-09-15 15:15:30] index() called | format mentah=NULL | format lowercase='' | bulan=NULL | tahun=NULL
[2026-09-15 15:15:30] format TIDAK cocok kondisi kita (raw=NULL) -> lanjut ke logic list() normal di bawah
[2026-09-15 15:15:30] index() called | format mentah=NULL | format lowercase='' | bulan=NULL | tahun=NULL
[2026-09-15 15:15:30] format TIDAK cocok kondisi kita (raw=NULL) -> lanjut ke logic list() normal di bawah
[2026-09-15 15:15:30] index() called | format mentah=NULL | format lowercase='' | bulan=NULL | tahun=NULL
[2026-09-15 15:15:30] format TIDAK cocok kondisi kita (raw=NULL) -> lanjut ke logic list() normal di bawah
[2026-09-15 15:15:30] index() called | format mentah=NULL | format lowercase='' | bulan=NULL | tahun=NULL
[2026-09-15 15:15:30] format TIDAK cocok kondisi kita (raw=NULL) -> lanjut ke logic list() normal di bawah
[2026-09-15 15:15:30] index() called | format mentah=NULL | format lowercase='' | bulan=NULL | tahun=NULL
[2026-09-15 15:15:30] format TIDAK cocok kondisi kita (raw=NULL) -> lanjut ke logic list() normal di bawah
[2026-09-15 15:15:30] index() called | format mentah=NULL | format lowercase='' | bulan=NULL | tahun=NULL
[2026-09-15 15:15:30] format TIDAK cocok kondisi kita (raw=NULL) -> lanjut ke logic list() normal di bawah
[2026-09-15 15:15:30] index() called | format mentah=NULL | format lowercase='' | bulan=NULL | tahun=NULL
[2026-09-15 15:15:30] format TIDAK cocok kondisi kita (raw=NULL) -> lanjut ke logic list() normal di bawah
[2026-09-15 15:15:30] index() called | format mentah=NULL | format lowercase='' | bulan=NULL | tahun=NULL
[2026-09-15 15:15:30] format TIDAK cocok kondisi kita (raw=NULL) -> lanjut ke logic list() normal di bawah
[2026-09-15 15:15:30] index() called | format mentah=NULL | format lowercase='' | bulan=NULL | tahun=NULL
[2026-09-15 15:15:30] format TIDAK cocok kondisi kita (raw=NULL) -> lanjut ke logic list() normal di bawah
[2026-09-15 15:15:30] index() called | format mentah=NULL | format lowercase='' | bulan=NULL | tahun=NULL
[2026-09-15 15:15:30] format TIDAK cocok kondisi kita (raw=NULL) -> lanjut ke logic list() normal di bawah
[2026-09-15 15:15:30] index() called | format mentah=NULL | format lowercase='' | bulan=NULL | tahun=NULL
[2026-09-15 15:15:30] format TIDAK cocok kondisi kita (raw=NULL) -> lanjut ke logic list() normal di bawah
[2026-09-15 15:15:30] index() called | format mentah=NULL | format lowercase='' | bulan=NULL | tahun=NULL
[2026-09-15 15:15:30] format TIDAK cocok kondisi kita (raw=NULL) -> lanjut ke logic list() normal di bawah
[2026-09-15 15:15:30] index() called | format mentah=NULL | format lowercase='' | bulan=NULL | tahun=NULL
[2026-09-15 15:15:30] format TIDAK cocok kondisi kita (raw=NULL) -> lanjut ke logic list() normal di bawah
[2026-09-15 15:15:33] index() called | format mentah='print' | format lowercase='print' | bulan=NULL | tahun=NULL
[2026-09-15 15:15:33] format cocok ('print') -> masuk render_checklist_report()
[2026-09-15 15:15:33] render_checklist_report() mulai | format=print
[2026-09-15 15:15:33] inner() mulai | bulan=9 tahun=2026 day_count=30
[2026-09-15 15:15:33] query selesai | jumlah row=0 | lastError=NULL
[2026-09-15 15:15:33] data siap, pelaksana terisi utk 0 hari. Mau panggil render_view() sekarang...
[2026-09-15 15:15:33] HTML report kebentuk, panjang=82281 karakter (format=print)
[2026-09-15 15:15:33] shutdown handler jalan, TIDAK ada fatal error tercatat (format=print)
[2026-09-15 15:16:27] index() called | format mentah=NULL | format lowercase='' | bulan=NULL | tahun=NULL
[2026-09-15 15:16:27] format TIDAK cocok kondisi kita (raw=NULL) -> lanjut ke logic list() normal di bawah
[2026-09-15 15:16:29] index() called | format mentah=NULL | format lowercase='' | bulan=NULL | tahun=NULL
[2026-09-15 15:16:29] format TIDAK cocok kondisi kita (raw=NULL) -> lanjut ke logic list() normal di bawah
[2026-09-15 15:16:29] index() called | format mentah=NULL | format lowercase='' | bulan=NULL | tahun=NULL
[2026-09-15 15:16:29] format TIDAK cocok kondisi kita (raw=NULL) -> lanjut ke logic list() normal di bawah
[2026-09-15 15:16:29] index() called | format mentah=NULL | format lowercase='' | bulan=NULL | tahun=NULL
[2026-09-15 15:16:29] format TIDAK cocok kondisi kita (raw=NULL) -> lanjut ke logic list() normal di bawah
[2026-09-15 15:16:29] index() called | format mentah=NULL | format lowercase='' | bulan=NULL | tahun=NULL
[2026-09-15 15:16:29] format TIDAK cocok kondisi kita (raw=NULL) -> lanjut ke logic list() normal di bawah
[2026-09-15 15:17:58] index() called | format mentah=NULL | format lowercase='' | bulan=NULL | tahun=NULL
[2026-09-15 15:17:58] format TIDAK cocok kondisi kita (raw=NULL) -> lanjut ke logic list() normal di bawah
[2026-09-15 15:18:00] index() called | format mentah=NULL | format lowercase='' | bulan=NULL | tahun=NULL
[2026-09-15 15:18:00] format TIDAK cocok kondisi kita (raw=NULL) -> lanjut ke logic list() normal di bawah
[2026-09-15 15:18:00] index() called | format mentah=NULL | format lowercase='' | bulan=NULL | tahun=NULL
[2026-09-15 15:18:00] format TIDAK cocok kondisi kita (raw=NULL) -> lanjut ke logic list() normal di bawah
[2026-09-15 15:18:00] index() called | format mentah=NULL | format lowercase='' | bulan=NULL | tahun=NULL
[2026-09-15 15:18:00] format TIDAK cocok kondisi kita (raw=NULL) -> lanjut ke logic list() normal di bawah
[2026-09-15 15:18:00] index() called | format mentah=NULL | format lowercase='' | bulan=NULL | tahun=NULL
[2026-09-15 15:18:00] format TIDAK cocok kondisi kita (raw=NULL) -> lanjut ke logic list() normal di bawah
[2026-09-15 15:18:00] index() called | format mentah=NULL | format lowercase='' | bulan=NULL | tahun=NULL
[2026-09-15 15:18:00] format TIDAK cocok kondisi kita (raw=NULL) -> lanjut ke logic list() normal di bawah
[2026-09-15 15:18:00] index() called | format mentah=NULL | format lowercase='' | bulan=NULL | tahun=NULL
[2026-09-15 15:18:00] format TIDAK cocok kondisi kita (raw=NULL) -> lanjut ke logic list() normal di bawah
[2026-09-15 15:18:00] index() called | format mentah=NULL | format lowercase='' | bulan=NULL | tahun=NULL
[2026-09-15 15:18:00] format TIDAK cocok kondisi kita (raw=NULL) -> lanjut ke logic list() normal di bawah
[2026-09-15 15:18:00] index() called | format mentah=NULL | format lowercase='' | bulan=NULL | tahun=NULL
[2026-09-15 15:18:00] format TIDAK cocok kondisi kita (raw=NULL) -> lanjut ke logic list() normal di bawah
[2026-09-15 15:20:59] index() called | format mentah=NULL | format lowercase='' | bulan=NULL | tahun=NULL
[2026-09-15 15:20:59] format TIDAK cocok kondisi kita (raw=NULL) -> lanjut ke logic list() normal di bawah
[2026-09-15 15:21:02] index() called | format mentah='print' | format lowercase='print' | bulan=NULL | tahun=NULL
[2026-09-15 15:21:02] format cocok ('print') -> masuk render_checklist_report()
[2026-09-15 15:21:02] render_checklist_report() mulai | format=print
[2026-09-15 15:21:02] inner() mulai | bulan=9 tahun=2026 day_count=30
[2026-09-15 15:21:02] query selesai | jumlah row=0 | lastError=NULL
[2026-09-15 15:21:02] data siap, pelaksana terisi utk 0 hari. Mau panggil render_view() sekarang...
[2026-09-15 15:21:02] HTML report kebentuk, panjang=82281 karakter (format=print)
[2026-09-15 15:21:02] shutdown handler jalan, TIDAK ada fatal error tercatat (format=print)
[2026-09-15 15:21:11] index() called | format mentah='print' | format lowercase='print' | bulan='8' | tahun='2026'
[2026-09-15 15:21:11] format cocok ('print') -> masuk render_checklist_report()
[2026-09-15 15:21:11] render_checklist_report() mulai | format=print
[2026-09-15 15:21:11] inner() mulai | bulan=8 tahun=2026 day_count=31
[2026-09-15 15:21:11] query selesai | jumlah row=13 | lastError=NULL
[2026-09-15 15:21:11] data siap, pelaksana terisi utk 13 hari. Mau panggil render_view() sekarang...
[2026-09-15 15:21:11] HTML report kebentuk, panjang=96499 karakter (format=print)
[2026-09-15 15:21:11] shutdown handler jalan, TIDAK ada fatal error tercatat (format=print)
[2026-09-15 15:21:11] index() called | format mentah='print' | format lowercase='print' | bulan=NULL | tahun=NULL
[2026-09-15 15:21:11] format cocok ('print') -> masuk render_checklist_report()
[2026-09-15 15:21:11] render_checklist_report() mulai | format=print
[2026-09-15 15:21:11] inner() mulai | bulan=9 tahun=2026 day_count=30
[2026-09-15 15:21:11] query selesai | jumlah row=0 | lastError=NULL
[2026-09-15 15:21:11] data siap, pelaksana terisi utk 0 hari. Mau panggil render_view() sekarang...
[2026-09-15 15:21:11] HTML report kebentuk, panjang=82281 karakter (format=print)
[2026-09-15 15:21:11] shutdown handler jalan, TIDAK ada fatal error tercatat (format=print)
[2026-09-15 15:21:17] index() called | format mentah='print' | format lowercase='print' | bulan='8' | tahun='2026'
[2026-09-15 15:21:17] format cocok ('print') -> masuk render_checklist_report()
[2026-09-15 15:21:17] render_checklist_report() mulai | format=print
[2026-09-15 15:21:17] inner() mulai | bulan=8 tahun=2026 day_count=31
[2026-09-15 15:21:17] query selesai | jumlah row=13 | lastError=NULL
[2026-09-15 15:21:17] data siap, pelaksana terisi utk 13 hari. Mau panggil render_view() sekarang...
[2026-09-15 15:21:17] HTML report kebentuk, panjang=96499 karakter (format=print)
[2026-09-15 15:21:17] shutdown handler jalan, TIDAK ada fatal error tercatat (format=print)
[2026-09-15 15:21:18] index() called | format mentah='print' | format lowercase='print' | bulan='8' | tahun='2026'
[2026-09-15 15:21:18] format cocok ('print') -> masuk render_checklist_report()
[2026-09-15 15:21:18] render_checklist_report() mulai | format=print
[2026-09-15 15:21:18] inner() mulai | bulan=8 tahun=2026 day_count=31
[2026-09-15 15:21:18] query selesai | jumlah row=13 | lastError=NULL
[2026-09-15 15:21:18] data siap, pelaksana terisi utk 13 hari. Mau panggil render_view() sekarang...
[2026-09-15 15:21:18] HTML report kebentuk, panjang=96499 karakter (format=print)
[2026-09-15 15:21:18] shutdown handler jalan, TIDAK ada fatal error tercatat (format=print)
[2026-09-15 15:21:22] index() called | format mentah='print' | format lowercase='print' | bulan='8' | tahun='2026'
[2026-09-15 15:21:22] format cocok ('print') -> masuk render_checklist_report()
[2026-09-15 15:21:22] render_checklist_report() mulai | format=print
[2026-09-15 15:21:22] inner() mulai | bulan=8 tahun=2026 day_count=31
[2026-09-15 15:21:22] query selesai | jumlah row=13 | lastError=NULL
[2026-09-15 15:21:22] data siap, pelaksana terisi utk 13 hari. Mau panggil render_view() sekarang...
[2026-09-15 15:21:22] HTML report kebentuk, panjang=96499 karakter (format=print)
[2026-09-15 15:21:22] shutdown handler jalan, TIDAK ada fatal error tercatat (format=print)
[2026-09-15 15:21:39] index() called | format mentah=NULL | format lowercase='' | bulan=NULL | tahun=NULL
[2026-09-15 15:21:39] format TIDAK cocok kondisi kita (raw=NULL) -> lanjut ke logic list() normal di bawah
[2026-09-16 08:33:53] index() called | format mentah=NULL | format lowercase='' | bulan=NULL | tahun=NULL
[2026-09-16 08:33:53] format TIDAK cocok kondisi kita (raw=NULL) -> lanjut ke logic list() normal di bawah
[2026-09-16 09:05:49] index() called | format mentah=NULL | format lowercase='' | bulan=NULL | tahun=NULL
[2026-09-16 09:05:49] format TIDAK cocok kondisi kita (raw=NULL) -> lanjut ke logic list() normal di bawah
[2026-09-16 09:08:57] index() called | format mentah=NULL | format lowercase='' | bulan=NULL | tahun=NULL
[2026-09-16 09:08:57] format TIDAK cocok kondisi kita (raw=NULL) -> lanjut ke logic list() normal di bawah
[2026-09-16 10:09:20] index() called | format mentah=NULL | format lowercase='' | bulan=NULL | tahun=NULL
[2026-09-16 10:09:20] format TIDAK cocok kondisi kita (raw=NULL) -> lanjut ke logic list() normal di bawah
[2026-09-17 02:57:26] index() called | format mentah=NULL | format lowercase='' | bulan=NULL | tahun=NULL
[2026-09-17 02:57:26] format TIDAK cocok kondisi kita (raw=NULL) -> lanjut ke logic list() normal di bawah
[2026-09-18 03:17:33] index() called | format mentah=NULL | format lowercase='' | bulan=NULL | tahun=NULL
[2026-09-18 03:17:33] format TIDAK cocok kondisi kita (raw=NULL) -> lanjut ke logic list() normal di bawah
[2026-09-18 03:17:41] index() called | format mentah=NULL | format lowercase='' | bulan=NULL | tahun=NULL
[2026-09-18 03:17:41] format TIDAK cocok kondisi kita (raw=NULL) -> lanjut ke logic list() normal di bawah
[2026-09-18 03:17:41] index() called | format mentah=NULL | format lowercase='' | bulan=NULL | tahun=NULL
[2026-09-18 03:17:41] format TIDAK cocok kondisi kita (raw=NULL) -> lanjut ke logic list() normal di bawah
[2026-09-18 03:17:41] index() called | format mentah=NULL | format lowercase='' | bulan=NULL | tahun=NULL
[2026-09-18 03:17:41] format TIDAK cocok kondisi kita (raw=NULL) -> lanjut ke logic list() normal di bawah
[2026-09-18 03:17:41] index() called | format mentah=NULL | format lowercase='' | bulan=NULL | tahun=NULL
[2026-09-18 03:17:41] format TIDAK cocok kondisi kita (raw=NULL) -> lanjut ke logic list() normal di bawah
[2026-09-18 03:17:41] index() called | format mentah=NULL | format lowercase='' | bulan=NULL | tahun=NULL
[2026-09-18 03:17:41] format TIDAK cocok kondisi kita (raw=NULL) -> lanjut ke logic list() normal di bawah
[2026-09-18 03:17:42] index() called | format mentah=NULL | format lowercase='' | bulan=NULL | tahun=NULL
[2026-09-18 03:17:42] format TIDAK cocok kondisi kita (raw=NULL) -> lanjut ke logic list() normal di bawah
[2026-09-18 03:17:42] index() called | format mentah=NULL | format lowercase='' | bulan=NULL | tahun=NULL
[2026-09-18 03:17:42] format TIDAK cocok kondisi kita (raw=NULL) -> lanjut ke logic list() normal di bawah
[2026-09-18 03:17:42] index() called | format mentah=NULL | format lowercase='' | bulan=NULL | tahun=NULL
[2026-09-18 03:17:42] format TIDAK cocok kondisi kita (raw=NULL) -> lanjut ke logic list() normal di bawah
[2026-09-18 03:17:42] index() called | format mentah=NULL | format lowercase='' | bulan=NULL | tahun=NULL
[2026-09-18 03:17:42] format TIDAK cocok kondisi kita (raw=NULL) -> lanjut ke logic list() normal di bawah
[2026-09-18 03:17:42] index() called | format mentah=NULL | format lowercase='' | bulan=NULL | tahun=NULL
[2026-09-18 03:17:42] format TIDAK cocok kondisi kita (raw=NULL) -> lanjut ke logic list() normal di bawah
[2026-09-18 03:17:42] index() called | format mentah=NULL | format lowercase='' | bulan=NULL | tahun=NULL
[2026-09-18 03:17:42] format TIDAK cocok kondisi kita (raw=NULL) -> lanjut ke logic list() normal di bawah
[2026-09-18 03:17:42] index() called | format mentah=NULL | format lowercase='' | bulan=NULL | tahun=NULL
[2026-09-18 03:17:42] format TIDAK cocok kondisi kita (raw=NULL) -> lanjut ke logic list() normal di bawah
[2026-09-18 03:17:42] index() called | format mentah=NULL | format lowercase='' | bulan=NULL | tahun=NULL
[2026-09-18 03:17:42] format TIDAK cocok kondisi kita (raw=NULL) -> lanjut ke logic list() normal di bawah
[2026-09-18 03:17:42] index() called | format mentah=NULL | format lowercase='' | bulan=NULL | tahun=NULL
[2026-09-18 03:17:42] format TIDAK cocok kondisi kita (raw=NULL) -> lanjut ke logic list() normal di bawah
[2026-09-18 03:17:42] index() called | format mentah=NULL | format lowercase='' | bulan=NULL | tahun=NULL
[2026-09-18 03:17:42] format TIDAK cocok kondisi kita (raw=NULL) -> lanjut ke logic list() normal di bawah
[2026-09-18 03:17:42] index() called | format mentah=NULL | format lowercase='' | bulan=NULL | tahun=NULL
[2026-09-18 03:17:42] format TIDAK cocok kondisi kita (raw=NULL) -> lanjut ke logic list() normal di bawah
[2026-09-18 03:17:42] index() called | format mentah=NULL | format lowercase='' | bulan=NULL | tahun=NULL
[2026-09-18 03:17:42] format TIDAK cocok kondisi kita (raw=NULL) -> lanjut ke logic list() normal di bawah
[2026-09-18 03:17:42] index() called | format mentah=NULL | format lowercase='' | bulan=NULL | tahun=NULL
[2026-09-18 03:17:42] format TIDAK cocok kondisi kita (raw=NULL) -> lanjut ke logic list() normal di bawah
[2026-09-18 03:17:44] index() called | format mentah='pdf' | format lowercase='pdf' | bulan=NULL | tahun=NULL
[2026-09-18 03:17:44] format cocok ('pdf') -> masuk render_checklist_report()
[2026-09-18 03:17:44] render_checklist_report() mulai | format=pdf
[2026-09-18 03:17:44] inner() mulai | bulan=9 tahun=2026 day_count=30
[2026-09-18 03:17:44] query selesai | jumlah row=0 | lastError=NULL
[2026-09-18 03:17:44] data siap, pelaksana terisi utk 0 hari. Mau panggil render_view() sekarang...
[2026-09-18 03:17:44] HTML report kebentuk, panjang=98676 karakter (format=pdf)
[2026-09-18 03:17:45] PDF jadi, ukuran=453313 byte
[2026-09-18 03:17:45] shutdown handler jalan, TIDAK ada fatal error tercatat (format=pdf)
[2026-09-18 03:17:56] index() called | format mentah=NULL | format lowercase='' | bulan=NULL | tahun=NULL
[2026-09-18 03:17:56] format TIDAK cocok kondisi kita (raw=NULL) -> lanjut ke logic list() normal di bawah
[2026-09-18 03:18:00] index() called | format mentah=NULL | format lowercase='' | bulan=NULL | tahun=NULL
[2026-09-18 03:18:00] format TIDAK cocok kondisi kita (raw=NULL) -> lanjut ke logic list() normal di bawah
[2026-09-18 03:18:00] index() called | format mentah=NULL | format lowercase='' | bulan=NULL | tahun=NULL
[2026-09-18 03:18:00] format TIDAK cocok kondisi kita (raw=NULL) -> lanjut ke logic list() normal di bawah
[2026-09-18 03:18:00] index() called | format mentah=NULL | format lowercase='' | bulan=NULL | tahun=NULL
[2026-09-18 03:18:00] format TIDAK cocok kondisi kita (raw=NULL) -> lanjut ke logic list() normal di bawah
[2026-09-18 03:18:01] index() called | format mentah=NULL | format lowercase='' | bulan=NULL | tahun=NULL
[2026-09-18 03:18:01] format TIDAK cocok kondisi kita (raw=NULL) -> lanjut ke logic list() normal di bawah
[2026-09-18 03:18:01] index() called | format mentah=NULL | format lowercase='' | bulan=NULL | tahun=NULL
[2026-09-18 03:18:01] format TIDAK cocok kondisi kita (raw=NULL) -> lanjut ke logic list() normal di bawah
[2026-09-18 03:18:01] index() called | format mentah=NULL | format lowercase='' | bulan=NULL | tahun=NULL
[2026-09-18 03:18:01] format TIDAK cocok kondisi kita (raw=NULL) -> lanjut ke logic list() normal di bawah
[2026-09-18 03:18:01] index() called | format mentah=NULL | format lowercase='' | bulan=NULL | tahun=NULL
[2026-09-18 03:18:01] format TIDAK cocok kondisi kita (raw=NULL) -> lanjut ke logic list() normal di bawah
[2026-09-18 03:18:01] index() called | format mentah=NULL | format lowercase='' | bulan=NULL | tahun=NULL
[2026-09-18 03:18:01] format TIDAK cocok kondisi kita (raw=NULL) -> lanjut ke logic list() normal di bawah
[2026-09-18 03:18:01] index() called | format mentah=NULL | format lowercase='' | bulan=NULL | tahun=NULL
[2026-09-18 03:18:01] format TIDAK cocok kondisi kita (raw=NULL) -> lanjut ke logic list() normal di bawah
[2026-09-18 03:18:01] index() called | format mentah=NULL | format lowercase='' | bulan=NULL | tahun=NULL
[2026-09-18 03:18:01] format TIDAK cocok kondisi kita (raw=NULL) -> lanjut ke logic list() normal di bawah
[2026-09-18 03:18:01] index() called | format mentah=NULL | format lowercase='' | bulan=NULL | tahun=NULL
[2026-09-18 03:18:01] format TIDAK cocok kondisi kita (raw=NULL) -> lanjut ke logic list() normal di bawah
[2026-09-18 03:18:01] index() called | format mentah=NULL | format lowercase='' | bulan=NULL | tahun=NULL
[2026-09-18 03:18:01] format TIDAK cocok kondisi kita (raw=NULL) -> lanjut ke logic list() normal di bawah
[2026-09-18 03:18:01] index() called | format mentah=NULL | format lowercase='' | bulan=NULL | tahun=NULL
[2026-09-18 03:18:01] format TIDAK cocok kondisi kita (raw=NULL) -> lanjut ke logic list() normal di bawah
[2026-09-18 03:18:01] index() called | format mentah=NULL | format lowercase='' | bulan=NULL | tahun=NULL
[2026-09-18 03:18:01] format TIDAK cocok kondisi kita (raw=NULL) -> lanjut ke logic list() normal di bawah
[2026-09-18 03:18:01] index() called | format mentah=NULL | format lowercase='' | bulan=NULL | tahun=NULL
[2026-09-18 03:18:01] format TIDAK cocok kondisi kita (raw=NULL) -> lanjut ke logic list() normal di bawah
[2026-09-18 03:18:01] index() called | format mentah=NULL | format lowercase='' | bulan=NULL | tahun=NULL
[2026-09-18 03:18:01] format TIDAK cocok kondisi kita (raw=NULL) -> lanjut ke logic list() normal di bawah
[2026-09-18 03:18:01] index() called | format mentah=NULL | format lowercase='' | bulan=NULL | tahun=NULL
[2026-09-18 03:18:01] format TIDAK cocok kondisi kita (raw=NULL) -> lanjut ke logic list() normal di bawah
[2026-09-18 03:18:01] index() called | format mentah=NULL | format lowercase='' | bulan=NULL | tahun=NULL
[2026-09-18 03:18:01] format TIDAK cocok kondisi kita (raw=NULL) -> lanjut ke logic list() normal di bawah
[2026-09-18 03:18:01] index() called | format mentah=NULL | format lowercase='' | bulan=NULL | tahun=NULL
[2026-09-18 03:18:01] format TIDAK cocok kondisi kita (raw=NULL) -> lanjut ke logic list() normal di bawah
[2026-09-18 03:18:01] index() called | format mentah=NULL | format lowercase='' | bulan=NULL | tahun=NULL
[2026-09-18 03:18:01] format TIDAK cocok kondisi kita (raw=NULL) -> lanjut ke logic list() normal di bawah
[2026-09-18 03:18:01] index() called | format mentah=NULL | format lowercase='' | bulan=NULL | tahun=NULL
[2026-09-18 03:18:01] format TIDAK cocok kondisi kita (raw=NULL) -> lanjut ke logic list() normal di bawah
[2026-09-18 03:18:01] index() called | format mentah=NULL | format lowercase='' | bulan=NULL | tahun=NULL
[2026-09-18 03:18:01] format TIDAK cocok kondisi kita (raw=NULL) -> lanjut ke logic list() normal di bawah
[2026-09-18 03:18:01] index() called | format mentah=NULL | format lowercase='' | bulan=NULL | tahun=NULL
[2026-09-18 03:18:01] format TIDAK cocok kondisi kita (raw=NULL) -> lanjut ke logic list() normal di bawah
[2026-09-18 03:18:01] index() called | format mentah=NULL | format lowercase='' | bulan=NULL | tahun=NULL
[2026-09-18 03:18:01] format TIDAK cocok kondisi kita (raw=NULL) -> lanjut ke logic list() normal di bawah
[2026-09-18 03:18:01] index() called | format mentah=NULL | format lowercase='' | bulan=NULL | tahun=NULL
[2026-09-18 03:18:01] format TIDAK cocok kondisi kita (raw=NULL) -> lanjut ke logic list() normal di bawah
[2026-09-18 03:18:04] index() called | format mentah='pdf' | format lowercase='pdf' | bulan=NULL | tahun=NULL
[2026-09-18 03:18:04] format cocok ('pdf') -> masuk render_checklist_report()
[2026-09-18 03:18:04] render_checklist_report() mulai | format=pdf
[2026-09-18 03:18:04] inner() mulai | bulan=9 tahun=2026 day_count=30
[2026-09-18 03:18:04] query selesai | jumlah row=0 | lastError=NULL
[2026-09-18 03:18:04] data siap, pelaksana terisi utk 0 hari. Mau panggil render_view() sekarang...
[2026-09-18 03:18:04] HTML report kebentuk, panjang=98676 karakter (format=pdf)
[2026-09-18 03:18:05] PDF jadi, ukuran=453313 byte
[2026-09-18 03:18:05] shutdown handler jalan, TIDAK ada fatal error tercatat (format=pdf)
[2026-09-18 03:18:11] index() called | format mentah='pdf' | format lowercase='pdf' | bulan='8' | tahun='2026'
[2026-09-18 03:18:11] format cocok ('pdf') -> masuk render_checklist_report()
[2026-09-18 03:18:11] render_checklist_report() mulai | format=pdf
[2026-09-18 03:18:11] inner() mulai | bulan=8 tahun=2026 day_count=31
[2026-09-18 03:18:11] query selesai | jumlah row=13 | lastError=NULL
[2026-09-18 03:18:11] data siap, pelaksana terisi utk 13 hari. Mau panggil render_view() sekarang...
[2026-09-18 03:18:11] HTML report kebentuk, panjang=113818 karakter (format=pdf)
[2026-09-18 03:18:12] PDF jadi, ukuran=455714 byte
[2026-09-18 03:18:12] shutdown handler jalan, TIDAK ada fatal error tercatat (format=pdf)
[2026-09-18 03:19:31] index() called | format mentah='pdf' | format lowercase='pdf' | bulan=NULL | tahun=NULL
[2026-09-18 03:19:31] format cocok ('pdf') -> masuk render_checklist_report()
[2026-09-18 03:19:31] render_checklist_report() mulai | format=pdf
[2026-09-18 03:19:31] inner() mulai | bulan=9 tahun=2026 day_count=30
[2026-09-18 03:19:31] query selesai | jumlah row=0 | lastError=NULL
[2026-09-18 03:19:31] data siap, pelaksana terisi utk 0 hari. Mau panggil render_view() sekarang...
[2026-09-18 03:19:31] HTML report kebentuk, panjang=98676 karakter (format=pdf)
[2026-09-18 03:19:31] PDF jadi, ukuran=453313 byte
[2026-09-18 03:19:31] shutdown handler jalan, TIDAK ada fatal error tercatat (format=pdf)
[2026-09-18 03:19:40] index() called | format mentah=NULL | format lowercase='' | bulan=NULL | tahun=NULL
[2026-09-18 03:19:40] format TIDAK cocok kondisi kita (raw=NULL) -> lanjut ke logic list() normal di bawah
[2026-09-18 04:31:57] index() called | format mentah=NULL | format lowercase='' | bulan=NULL | tahun=NULL
[2026-09-18 04:31:57] format TIDAK cocok kondisi kita (raw=NULL) -> lanjut ke logic list() normal di bawah
[2026-09-18 05:24:16] index() called | format mentah=NULL | format lowercase='' | bulan=NULL | tahun=NULL
[2026-09-18 05:24:16] format TIDAK cocok kondisi kita (raw=NULL) -> lanjut ke logic list() normal di bawah
[2026-09-18 05:24:18] index() called | format mentah=NULL | format lowercase='' | bulan=NULL | tahun=NULL
[2026-09-18 05:24:18] format TIDAK cocok kondisi kita (raw=NULL) -> lanjut ke logic list() normal di bawah
[2026-09-18 05:24:18] index() called | format mentah=NULL | format lowercase='' | bulan=NULL | tahun=NULL
[2026-09-18 05:24:18] format TIDAK cocok kondisi kita (raw=NULL) -> lanjut ke logic list() normal di bawah
[2026-09-18 05:24:18] index() called | format mentah=NULL | format lowercase='' | bulan=NULL | tahun=NULL
[2026-09-18 05:24:18] format TIDAK cocok kondisi kita (raw=NULL) -> lanjut ke logic list() normal di bawah
[2026-09-18 05:24:18] index() called | format mentah=NULL | format lowercase='' | bulan=NULL | tahun=NULL
[2026-09-18 05:24:18] format TIDAK cocok kondisi kita (raw=NULL) -> lanjut ke logic list() normal di bawah
[2026-09-18 05:24:18] index() called | format mentah=NULL | format lowercase='' | bulan=NULL | tahun=NULL
[2026-09-18 05:24:18] format TIDAK cocok kondisi kita (raw=NULL) -> lanjut ke logic list() normal di bawah
[2026-09-18 05:24:18] index() called | format mentah=NULL | format lowercase='' | bulan=NULL | tahun=NULL
[2026-09-18 05:24:18] format TIDAK cocok kondisi kita (raw=NULL) -> lanjut ke logic list() normal di bawah
[2026-09-18 05:24:18] index() called | format mentah=NULL | format lowercase='' | bulan=NULL | tahun=NULL
[2026-09-18 05:24:18] format TIDAK cocok kondisi kita (raw=NULL) -> lanjut ke logic list() normal di bawah
[2026-09-18 05:24:18] index() called | format mentah=NULL | format lowercase='' | bulan=NULL | tahun=NULL
[2026-09-18 05:24:18] format TIDAK cocok kondisi kita (raw=NULL) -> lanjut ke logic list() normal di bawah
[2026-09-18 05:24:18] index() called | format mentah=NULL | format lowercase='' | bulan=NULL | tahun=NULL
[2026-09-18 05:24:18] format TIDAK cocok kondisi kita (raw=NULL) -> lanjut ke logic list() normal di bawah
[2026-09-18 05:24:18] index() called | format mentah=NULL | format lowercase='' | bulan=NULL | tahun=NULL
[2026-09-18 05:24:18] format TIDAK cocok kondisi kita (raw=NULL) -> lanjut ke logic list() normal di bawah
[2026-09-18 05:24:18] index() called | format mentah=NULL | format lowercase='' | bulan=NULL | tahun=NULL
[2026-09-18 05:24:18] format TIDAK cocok kondisi kita (raw=NULL) -> lanjut ke logic list() normal di bawah
[2026-09-18 05:24:18] index() called | format mentah=NULL | format lowercase='' | bulan=NULL | tahun=NULL
[2026-09-18 05:24:18] format TIDAK cocok kondisi kita (raw=NULL) -> lanjut ke logic list() normal di bawah
[2026-09-18 05:24:18] index() called | format mentah=NULL | format lowercase='' | bulan=NULL | tahun=NULL
[2026-09-18 05:24:18] format TIDAK cocok kondisi kita (raw=NULL) -> lanjut ke logic list() normal di bawah
[2026-09-18 05:24:18] index() called | format mentah=NULL | format lowercase='' | bulan=NULL | tahun=NULL
[2026-09-18 05:24:18] format TIDAK cocok kondisi kita (raw=NULL) -> lanjut ke logic list() normal di bawah
[2026-09-18 05:24:18] index() called | format mentah=NULL | format lowercase='' | bulan=NULL | tahun=NULL
[2026-09-18 05:24:18] format TIDAK cocok kondisi kita (raw=NULL) -> lanjut ke logic list() normal di bawah
[2026-09-18 05:24:18] index() called | format mentah=NULL | format lowercase='' | bulan=NULL | tahun=NULL
[2026-09-18 05:24:18] format TIDAK cocok kondisi kita (raw=NULL) -> lanjut ke logic list() normal di bawah
[2026-09-18 05:24:18] index() called | format mentah=NULL | format lowercase='' | bulan=NULL | tahun=NULL
[2026-09-18 05:24:18] format TIDAK cocok kondisi kita (raw=NULL) -> lanjut ke logic list() normal di bawah
[2026-09-18 05:24:19] index() called | format mentah=NULL | format lowercase='' | bulan=NULL | tahun=NULL
[2026-09-18 05:24:19] format TIDAK cocok kondisi kita (raw=NULL) -> lanjut ke logic list() normal di bawah
[2026-09-18 05:24:19] index() called | format mentah=NULL | format lowercase='' | bulan=NULL | tahun=NULL
[2026-09-18 05:24:19] format TIDAK cocok kondisi kita (raw=NULL) -> lanjut ke logic list() normal di bawah
[2026-09-18 05:24:19] index() called | format mentah=NULL | format lowercase='' | bulan=NULL | tahun=NULL
[2026-09-18 05:24:19] format TIDAK cocok kondisi kita (raw=NULL) -> lanjut ke logic list() normal di bawah
[2026-09-18 05:24:19] index() called | format mentah=NULL | format lowercase='' | bulan=NULL | tahun=NULL
[2026-09-18 05:24:19] format TIDAK cocok kondisi kita (raw=NULL) -> lanjut ke logic list() normal di bawah
[2026-09-18 05:24:19] index() called | format mentah=NULL | format lowercase='' | bulan=NULL | tahun=NULL
[2026-09-18 05:24:19] format TIDAK cocok kondisi kita (raw=NULL) -> lanjut ke logic list() normal di bawah
[2026-09-18 05:24:19] index() called | format mentah=NULL | format lowercase='' | bulan=NULL | tahun=NULL
[2026-09-18 05:24:19] format TIDAK cocok kondisi kita (raw=NULL) -> lanjut ke logic list() normal di bawah
[2026-09-18 05:24:19] index() called | format mentah=NULL | format lowercase='' | bulan=NULL | tahun=NULL
[2026-09-18 05:24:19] format TIDAK cocok kondisi kita (raw=NULL) -> lanjut ke logic list() normal di bawah
[2026-09-18 05:24:19] index() called | format mentah=NULL | format lowercase='' | bulan=NULL | tahun=NULL
[2026-09-18 05:24:19] format TIDAK cocok kondisi kita (raw=NULL) -> lanjut ke logic list() normal di bawah
[2026-09-18 05:24:19] index() called | format mentah=NULL | format lowercase='' | bulan=NULL | tahun=NULL
[2026-09-18 05:24:19] format TIDAK cocok kondisi kita (raw=NULL) -> lanjut ke logic list() normal di bawah
[2026-09-18 05:24:19] index() called | format mentah=NULL | format lowercase='' | bulan=NULL | tahun=NULL
[2026-09-18 05:24:19] format TIDAK cocok kondisi kita (raw=NULL) -> lanjut ke logic list() normal di bawah
[2026-09-18 05:24:19] index() called | format mentah=NULL | format lowercase='' | bulan=NULL | tahun=NULL
[2026-09-18 05:24:19] format TIDAK cocok kondisi kita (raw=NULL) -> lanjut ke logic list() normal di bawah
[2026-09-18 05:24:19] index() called | format mentah=NULL | format lowercase='' | bulan=NULL | tahun=NULL
[2026-09-18 05:24:19] format TIDAK cocok kondisi kita (raw=NULL) -> lanjut ke logic list() normal di bawah
[2026-09-18 05:24:19] index() called | format mentah=NULL | format lowercase='' | bulan=NULL | tahun=NULL
[2026-09-18 05:24:19] format TIDAK cocok kondisi kita (raw=NULL) -> lanjut ke logic list() normal di bawah
[2026-09-18 05:24:19] index() called | format mentah=NULL | format lowercase='' | bulan=NULL | tahun=NULL
[2026-09-18 05:24:19] format TIDAK cocok kondisi kita (raw=NULL) -> lanjut ke logic list() normal di bawah
[2026-09-18 05:24:19] index() called | format mentah=NULL | format lowercase='' | bulan=NULL | tahun=NULL
[2026-09-18 05:24:19] format TIDAK cocok kondisi kita (raw=NULL) -> lanjut ke logic list() normal di bawah
[2026-09-18 05:24:26] index() called | format mentah=NULL | format lowercase='' | bulan=NULL | tahun=NULL
[2026-09-18 05:24:26] format TIDAK cocok kondisi kita (raw=NULL) -> lanjut ke logic list() normal di bawah
[2026-09-18 05:24:26] index() called | format mentah=NULL | format lowercase='' | bulan=NULL | tahun=NULL
[2026-09-18 05:24:26] format TIDAK cocok kondisi kita (raw=NULL) -> lanjut ke logic list() normal di bawah
[2026-09-18 05:24:26] index() called | format mentah=NULL | format lowercase='' | bulan=NULL | tahun=NULL
[2026-09-18 05:24:26] format TIDAK cocok kondisi kita (raw=NULL) -> lanjut ke logic list() normal di bawah
[2026-09-18 05:24:26] index() called | format mentah=NULL | format lowercase='' | bulan=NULL | tahun=NULL
[2026-09-18 05:24:26] format TIDAK cocok kondisi kita (raw=NULL) -> lanjut ke logic list() normal di bawah
[2026-09-18 05:24:26] index() called | format mentah=NULL | format lowercase='' | bulan=NULL | tahun=NULL
[2026-09-18 05:24:26] format TIDAK cocok kondisi kita (raw=NULL) -> lanjut ke logic list() normal di bawah
[2026-09-18 05:24:26] index() called | format mentah=NULL | format lowercase='' | bulan=NULL | tahun=NULL
[2026-09-18 05:24:26] format TIDAK cocok kondisi kita (raw=NULL) -> lanjut ke logic list() normal di bawah
[2026-09-18 05:24:26] index() called | format mentah=NULL | format lowercase='' | bulan=NULL | tahun=NULL
[2026-09-18 05:24:26] format TIDAK cocok kondisi kita (raw=NULL) -> lanjut ke logic list() normal di bawah
[2026-09-18 05:24:26] index() called | format mentah=NULL | format lowercase='' | bulan=NULL | tahun=NULL
[2026-09-18 05:24:26] format TIDAK cocok kondisi kita (raw=NULL) -> lanjut ke logic list() normal di bawah
[2026-09-18 05:24:26] index() called | format mentah=NULL | format lowercase='' | bulan=NULL | tahun=NULL
[2026-09-18 05:24:26] format TIDAK cocok kondisi kita (raw=NULL) -> lanjut ke logic list() normal di bawah
[2026-09-18 05:24:26] index() called | format mentah=NULL | format lowercase='' | bulan=NULL | tahun=NULL
[2026-09-18 05:24:26] format TIDAK cocok kondisi kita (raw=NULL) -> lanjut ke logic list() normal di bawah
[2026-09-18 05:24:26] index() called | format mentah=NULL | format lowercase='' | bulan=NULL | tahun=NULL
[2026-09-18 05:24:26] format TIDAK cocok kondisi kita (raw=NULL) -> lanjut ke logic list() normal di bawah
[2026-09-18 05:24:26] index() called | format mentah=NULL | format lowercase='' | bulan=NULL | tahun=NULL
[2026-09-18 05:24:26] format TIDAK cocok kondisi kita (raw=NULL) -> lanjut ke logic list() normal di bawah
[2026-09-18 05:24:26] index() called | format mentah=NULL | format lowercase='' | bulan=NULL | tahun=NULL
[2026-09-18 05:24:26] format TIDAK cocok kondisi kita (raw=NULL) -> lanjut ke logic list() normal di bawah
[2026-09-18 05:24:27] index() called | format mentah=NULL | format lowercase='' | bulan=NULL | tahun=NULL
[2026-09-18 05:24:27] format TIDAK cocok kondisi kita (raw=NULL) -> lanjut ke logic list() normal di bawah
[2026-09-18 05:24:28] index() called | format mentah='pdf' | format lowercase='pdf' | bulan=NULL | tahun=NULL
[2026-09-18 05:24:28] format cocok ('pdf') -> masuk render_checklist_report()
[2026-09-18 05:24:28] render_checklist_report() mulai | format=pdf
[2026-09-18 05:24:28] inner() mulai | bulan=9 tahun=2026 day_count=30
[2026-09-18 05:24:28] query selesai | jumlah row=0 | lastError=NULL
[2026-09-18 05:24:28] data siap, pelaksana terisi utk 0 hari. Mau panggil render_view() sekarang...
[2026-09-18 05:24:28] HTML report kebentuk, panjang=98676 karakter (format=pdf)
[2026-09-18 05:24:29] PDF jadi, ukuran=453313 byte
[2026-09-18 05:24:29] shutdown handler jalan, TIDAK ada fatal error tercatat (format=pdf)
[2026-09-18 05:24:35] index() called | format mentah='pdf' | format lowercase='pdf' | bulan='8' | tahun='2026'
[2026-09-18 05:24:35] format cocok ('pdf') -> masuk render_checklist_report()
[2026-09-18 05:24:35] render_checklist_report() mulai | format=pdf
[2026-09-18 05:24:35] inner() mulai | bulan=8 tahun=2026 day_count=31
[2026-09-18 05:24:35] query selesai | jumlah row=13 | lastError=NULL
[2026-09-18 05:24:35] data siap, pelaksana terisi utk 13 hari. Mau panggil render_view() sekarang...
[2026-09-18 05:24:35] HTML report kebentuk, panjang=113818 karakter (format=pdf)
[2026-09-18 05:24:36] PDF jadi, ukuran=455714 byte
[2026-09-18 05:24:36] shutdown handler jalan, TIDAK ada fatal error tercatat (format=pdf)
[2026-09-18 05:24:47] index() called | format mentah='pdf' | format lowercase='pdf' | bulan=NULL | tahun=NULL
[2026-09-18 05:24:47] format cocok ('pdf') -> masuk render_checklist_report()
[2026-09-18 05:24:47] render_checklist_report() mulai | format=pdf
[2026-09-18 05:24:47] inner() mulai | bulan=9 tahun=2026 day_count=30
[2026-09-18 05:24:47] query selesai | jumlah row=0 | lastError=NULL
[2026-09-18 05:24:47] data siap, pelaksana terisi utk 0 hari. Mau panggil render_view() sekarang...
[2026-09-18 05:24:47] HTML report kebentuk, panjang=98676 karakter (format=pdf)
[2026-09-18 05:24:47] PDF jadi, ukuran=453313 byte
[2026-09-18 05:24:47] shutdown handler jalan, TIDAK ada fatal error tercatat (format=pdf)
[2026-09-18 05:24:50] index() called | format mentah=NULL | format lowercase='' | bulan=NULL | tahun=NULL
[2026-09-18 05:24:50] format TIDAK cocok kondisi kita (raw=NULL) -> lanjut ke logic list() normal di bawah
[2026-09-18 05:24:51] index() called | format mentah=NULL | format lowercase='' | bulan=NULL | tahun=NULL
[2026-09-18 05:24:51] format TIDAK cocok kondisi kita (raw=NULL) -> lanjut ke logic list() normal di bawah
[2026-09-18 05:24:51] index() called | format mentah=NULL | format lowercase='' | bulan=NULL | tahun=NULL
[2026-09-18 05:24:51] format TIDAK cocok kondisi kita (raw=NULL) -> lanjut ke logic list() normal di bawah
[2026-09-18 05:24:51] index() called | format mentah=NULL | format lowercase='' | bulan=NULL | tahun=NULL
[2026-09-18 05:24:51] format TIDAK cocok kondisi kita (raw=NULL) -> lanjut ke logic list() normal di bawah
[2026-09-18 05:24:51] index() called | format mentah=NULL | format lowercase='' | bulan=NULL | tahun=NULL
[2026-09-18 05:24:51] format TIDAK cocok kondisi kita (raw=NULL) -> lanjut ke logic list() normal di bawah
[2026-09-18 05:24:51] index() called | format mentah=NULL | format lowercase='' | bulan=NULL | tahun=NULL
[2026-09-18 05:24:51] format TIDAK cocok kondisi kita (raw=NULL) -> lanjut ke logic list() normal di bawah
[2026-09-18 05:24:51] index() called | format mentah=NULL | format lowercase='' | bulan=NULL | tahun=NULL
[2026-09-18 05:24:51] format TIDAK cocok kondisi kita (raw=NULL) -> lanjut ke logic list() normal di bawah
[2026-09-18 05:24:52] index() called | format mentah=NULL | format lowercase='' | bulan=NULL | tahun=NULL
[2026-09-18 05:24:52] format TIDAK cocok kondisi kita (raw=NULL) -> lanjut ke logic list() normal di bawah
[2026-09-18 05:24:52] index() called | format mentah=NULL | format lowercase='' | bulan=NULL | tahun=NULL
[2026-09-18 05:24:52] format TIDAK cocok kondisi kita (raw=NULL) -> lanjut ke logic list() normal di bawah
[2026-09-18 05:24:52] index() called | format mentah=NULL | format lowercase='' | bulan=NULL | tahun=NULL
[2026-09-18 05:24:52] format TIDAK cocok kondisi kita (raw=NULL) -> lanjut ke logic list() normal di bawah
[2026-09-18 05:24:52] index() called | format mentah=NULL | format lowercase='' | bulan=NULL | tahun=NULL
[2026-09-18 05:24:52] format TIDAK cocok kondisi kita (raw=NULL) -> lanjut ke logic list() normal di bawah
[2026-09-18 05:24:52] index() called | format mentah=NULL | format lowercase='' | bulan=NULL | tahun=NULL
[2026-09-18 05:24:52] format TIDAK cocok kondisi kita (raw=NULL) -> lanjut ke logic list() normal di bawah
[2026-09-18 05:24:52] index() called | format mentah=NULL | format lowercase='' | bulan=NULL | tahun=NULL
[2026-09-18 05:24:52] format TIDAK cocok kondisi kita (raw=NULL) -> lanjut ke logic list() normal di bawah
[2026-09-18 05:24:52] index() called | format mentah=NULL | format lowercase='' | bulan=NULL | tahun=NULL
[2026-09-18 05:24:52] format TIDAK cocok kondisi kita (raw=NULL) -> lanjut ke logic list() normal di bawah
[2026-09-18 05:24:52] index() called | format mentah=NULL | format lowercase='' | bulan=NULL | tahun=NULL
[2026-09-18 05:24:52] format TIDAK cocok kondisi kita (raw=NULL) -> lanjut ke logic list() normal di bawah
[2026-09-18 05:24:52] index() called | format mentah=NULL | format lowercase='' | bulan=NULL | tahun=NULL
[2026-09-18 05:24:52] format TIDAK cocok kondisi kita (raw=NULL) -> lanjut ke logic list() normal di bawah
[2026-09-18 05:24:52] index() called | format mentah=NULL | format lowercase='' | bulan=NULL | tahun=NULL
[2026-09-18 05:24:52] format TIDAK cocok kondisi kita (raw=NULL) -> lanjut ke logic list() normal di bawah
[2026-09-18 05:31:08] index() called | format mentah=NULL | format lowercase='' | bulan=NULL | tahun=NULL
[2026-09-18 05:31:08] format TIDAK cocok kondisi kita (raw=NULL) -> lanjut ke logic list() normal di bawah
[2026-09-18 05:31:11] index() called | format mentah=NULL | format lowercase='' | bulan=NULL | tahun=NULL
[2026-09-18 05:31:11] format TIDAK cocok kondisi kita (raw=NULL) -> lanjut ke logic list() normal di bawah
[2026-09-18 05:31:11] index() called | format mentah=NULL | format lowercase='' | bulan=NULL | tahun=NULL
[2026-09-18 05:31:11] format TIDAK cocok kondisi kita (raw=NULL) -> lanjut ke logic list() normal di bawah
[2026-09-18 05:31:11] index() called | format mentah=NULL | format lowercase='' | bulan=NULL | tahun=NULL
[2026-09-18 05:31:11] format TIDAK cocok kondisi kita (raw=NULL) -> lanjut ke logic list() normal di bawah
[2026-09-18 05:31:11] index() called | format mentah=NULL | format lowercase='' | bulan=NULL | tahun=NULL
[2026-09-18 05:31:11] format TIDAK cocok kondisi kita (raw=NULL) -> lanjut ke logic list() normal di bawah
[2026-09-18 05:31:11] index() called | format mentah=NULL | format lowercase='' | bulan=NULL | tahun=NULL
[2026-09-18 05:31:11] format TIDAK cocok kondisi kita (raw=NULL) -> lanjut ke logic list() normal di bawah
[2026-09-18 05:31:11] index() called | format mentah=NULL | format lowercase='' | bulan=NULL | tahun=NULL
[2026-09-18 05:31:11] format TIDAK cocok kondisi kita (raw=NULL) -> lanjut ke logic list() normal di bawah
[2026-09-18 05:31:11] index() called | format mentah=NULL | format lowercase='' | bulan=NULL | tahun=NULL
[2026-09-18 05:31:11] format TIDAK cocok kondisi kita (raw=NULL) -> lanjut ke logic list() normal di bawah
[2026-09-18 05:31:11] index() called | format mentah=NULL | format lowercase='' | bulan=NULL | tahun=NULL
[2026-09-18 05:31:11] format TIDAK cocok kondisi kita (raw=NULL) -> lanjut ke logic list() normal di bawah
[2026-09-18 05:31:11] index() called | format mentah=NULL | format lowercase='' | bulan=NULL | tahun=NULL
[2026-09-18 05:31:11] format TIDAK cocok kondisi kita (raw=NULL) -> lanjut ke logic list() normal di bawah
[2026-09-18 05:31:11] index() called | format mentah=NULL | format lowercase='' | bulan=NULL | tahun=NULL
[2026-09-18 05:31:11] format TIDAK cocok kondisi kita (raw=NULL) -> lanjut ke logic list() normal di bawah
[2026-09-18 05:31:11] index() called | format mentah=NULL | format lowercase='' | bulan=NULL | tahun=NULL
[2026-09-18 05:31:11] format TIDAK cocok kondisi kita (raw=NULL) -> lanjut ke logic list() normal di bawah
[2026-09-18 05:31:11] index() called | format mentah=NULL | format lowercase='' | bulan=NULL | tahun=NULL
[2026-09-18 05:31:11] format TIDAK cocok kondisi kita (raw=NULL) -> lanjut ke logic list() normal di bawah
[2026-09-18 05:31:11] index() called | format mentah=NULL | format lowercase='' | bulan=NULL | tahun=NULL
[2026-09-18 05:31:11] format TIDAK cocok kondisi kita (raw=NULL) -> lanjut ke logic list() normal di bawah
[2026-09-18 05:31:11] index() called | format mentah=NULL | format lowercase='' | bulan=NULL | tahun=NULL
[2026-09-18 05:31:11] format TIDAK cocok kondisi kita (raw=NULL) -> lanjut ke logic list() normal di bawah
[2026-09-18 05:31:14] index() called | format mentah='pdf' | format lowercase='pdf' | bulan=NULL | tahun=NULL
[2026-09-18 05:31:14] format cocok ('pdf') -> masuk render_checklist_report()
[2026-09-18 05:31:14] render_checklist_report() mulai | format=pdf
[2026-09-18 05:31:14] inner() mulai | bulan=9 tahun=2026 day_count=30
[2026-09-18 05:31:14] query selesai | jumlah row=0 | lastError=NULL
[2026-09-18 05:31:14] data siap, pelaksana terisi utk 0 hari. Mau panggil render_view() sekarang...
[2026-09-18 05:31:14] HTML report kebentuk, panjang=98676 karakter (format=pdf)
[2026-09-18 05:31:14] PDF jadi, ukuran=453313 byte
[2026-09-18 05:31:14] shutdown handler jalan, TIDAK ada fatal error tercatat (format=pdf)
[2026-09-18 05:31:17] index() called | format mentah='pdf' | format lowercase='pdf' | bulan='8' | tahun='2026'
[2026-09-18 05:31:17] format cocok ('pdf') -> masuk render_checklist_report()
[2026-09-18 05:31:17] render_checklist_report() mulai | format=pdf
[2026-09-18 05:31:17] inner() mulai | bulan=8 tahun=2026 day_count=31
[2026-09-18 05:31:17] query selesai | jumlah row=13 | lastError=NULL
[2026-09-18 05:31:17] data siap, pelaksana terisi utk 13 hari. Mau panggil render_view() sekarang...
[2026-09-18 05:31:17] HTML report kebentuk, panjang=113818 karakter (format=pdf)
[2026-09-18 05:31:18] PDF jadi, ukuran=455714 byte
[2026-09-18 05:31:18] shutdown handler jalan, TIDAK ada fatal error tercatat (format=pdf)
[2026-09-18 05:31:34] index() called | format mentah='pdf' | format lowercase='pdf' | bulan='8' | tahun='2026'
[2026-09-18 05:31:34] format cocok ('pdf') -> masuk render_checklist_report()
[2026-09-18 05:31:34] render_checklist_report() mulai | format=pdf
[2026-09-18 05:31:34] inner() mulai | bulan=8 tahun=2026 day_count=31
[2026-09-18 05:31:34] query selesai | jumlah row=13 | lastError=NULL
[2026-09-18 05:31:34] data siap, pelaksana terisi utk 13 hari. Mau panggil render_view() sekarang...
[2026-09-18 05:31:34] HTML report kebentuk, panjang=113818 karakter (format=pdf)
[2026-09-18 05:31:34] PDF jadi, ukuran=455714 byte
[2026-09-18 05:31:34] shutdown handler jalan, TIDAK ada fatal error tercatat (format=pdf)
[2026-09-18 05:36:48] index() called | format mentah=NULL | format lowercase='' | bulan=NULL | tahun=NULL
[2026-09-18 05:36:48] format TIDAK cocok kondisi kita (raw=NULL) -> lanjut ke logic list() normal di bawah
[2026-09-18 05:36:51] index() called | format mentah=NULL | format lowercase='' | bulan=NULL | tahun=NULL
[2026-09-18 05:36:51] format TIDAK cocok kondisi kita (raw=NULL) -> lanjut ke logic list() normal di bawah
[2026-09-18 05:36:51] index() called | format mentah=NULL | format lowercase='' | bulan=NULL | tahun=NULL
[2026-09-18 05:36:51] format TIDAK cocok kondisi kita (raw=NULL) -> lanjut ke logic list() normal di bawah
[2026-09-18 05:36:51] index() called | format mentah=NULL | format lowercase='' | bulan=NULL | tahun=NULL
[2026-09-18 05:36:51] format TIDAK cocok kondisi kita (raw=NULL) -> lanjut ke logic list() normal di bawah
[2026-09-18 05:36:51] index() called | format mentah=NULL | format lowercase='' | bulan=NULL | tahun=NULL
[2026-09-18 05:36:51] format TIDAK cocok kondisi kita (raw=NULL) -> lanjut ke logic list() normal di bawah
[2026-09-18 05:36:51] index() called | format mentah=NULL | format lowercase='' | bulan=NULL | tahun=NULL
[2026-09-18 05:36:51] format TIDAK cocok kondisi kita (raw=NULL) -> lanjut ke logic list() normal di bawah
[2026-09-18 05:36:51] index() called | format mentah=NULL | format lowercase='' | bulan=NULL | tahun=NULL
[2026-09-18 05:36:51] format TIDAK cocok kondisi kita (raw=NULL) -> lanjut ke logic list() normal di bawah
[2026-09-18 05:36:51] index() called | format mentah=NULL | format lowercase='' | bulan=NULL | tahun=NULL
[2026-09-18 05:36:51] format TIDAK cocok kondisi kita (raw=NULL) -> lanjut ke logic list() normal di bawah
[2026-09-18 05:36:52] index() called | format mentah=NULL | format lowercase='' | bulan=NULL | tahun=NULL
[2026-09-18 05:36:52] format TIDAK cocok kondisi kita (raw=NULL) -> lanjut ke logic list() normal di bawah
[2026-09-18 05:36:52] index() called | format mentah=NULL | format lowercase='' | bulan=NULL | tahun=NULL
[2026-09-18 05:36:52] format TIDAK cocok kondisi kita (raw=NULL) -> lanjut ke logic list() normal di bawah
[2026-09-18 05:36:52] index() called | format mentah=NULL | format lowercase='' | bulan=NULL | tahun=NULL
[2026-09-18 05:36:52] format TIDAK cocok kondisi kita (raw=NULL) -> lanjut ke logic list() normal di bawah
[2026-09-18 05:36:52] index() called | format mentah=NULL | format lowercase='' | bulan=NULL | tahun=NULL
[2026-09-18 05:36:52] format TIDAK cocok kondisi kita (raw=NULL) -> lanjut ke logic list() normal di bawah
[2026-09-18 05:36:52] index() called | format mentah=NULL | format lowercase='' | bulan=NULL | tahun=NULL
[2026-09-18 05:36:52] format TIDAK cocok kondisi kita (raw=NULL) -> lanjut ke logic list() normal di bawah
[2026-09-18 05:36:52] index() called | format mentah=NULL | format lowercase='' | bulan=NULL | tahun=NULL
[2026-09-18 05:36:52] format TIDAK cocok kondisi kita (raw=NULL) -> lanjut ke logic list() normal di bawah
[2026-09-18 05:36:52] index() called | format mentah=NULL | format lowercase='' | bulan=NULL | tahun=NULL
[2026-09-18 05:36:52] format TIDAK cocok kondisi kita (raw=NULL) -> lanjut ke logic list() normal di bawah
[2026-09-18 05:36:52] index() called | format mentah=NULL | format lowercase='' | bulan=NULL | tahun=NULL
[2026-09-18 05:36:52] format TIDAK cocok kondisi kita (raw=NULL) -> lanjut ke logic list() normal di bawah
[2026-09-18 05:36:52] index() called | format mentah=NULL | format lowercase='' | bulan=NULL | tahun=NULL
[2026-09-18 05:36:52] format TIDAK cocok kondisi kita (raw=NULL) -> lanjut ke logic list() normal di bawah
[2026-09-18 05:36:55] index() called | format mentah='print' | format lowercase='print' | bulan=NULL | tahun=NULL
[2026-09-18 05:36:55] format cocok ('print') -> masuk render_checklist_report()
[2026-09-18 05:36:55] render_checklist_report() mulai | format=print
[2026-09-18 05:36:55] inner() mulai | bulan=9 tahun=2026 day_count=30
[2026-09-18 05:36:55] query selesai | jumlah row=0 | lastError=NULL
[2026-09-18 05:36:55] data siap, pelaksana terisi utk 0 hari. Mau panggil render_view() sekarang...
[2026-09-18 05:36:55] HTML report kebentuk, panjang=98328 karakter (format=print)
[2026-09-18 05:36:55] shutdown handler jalan, TIDAK ada fatal error tercatat (format=print)
[2026-09-18 05:37:05] index() called | format mentah='print' | format lowercase='print' | bulan='8' | tahun='2026'
[2026-09-18 05:37:05] format cocok ('print') -> masuk render_checklist_report()
[2026-09-18 05:37:05] render_checklist_report() mulai | format=print
[2026-09-18 05:37:05] inner() mulai | bulan=8 tahun=2026 day_count=31
[2026-09-18 05:37:05] query selesai | jumlah row=13 | lastError=NULL
[2026-09-18 05:37:05] data siap, pelaksana terisi utk 13 hari. Mau panggil render_view() sekarang...
[2026-09-18 05:37:05] HTML report kebentuk, panjang=113470 karakter (format=print)
[2026-09-18 05:37:05] shutdown handler jalan, TIDAK ada fatal error tercatat (format=print)
[2026-09-18 05:37:05] index() called | format mentah='print' | format lowercase='print' | bulan='8' | tahun='2026'
[2026-09-18 05:37:05] format cocok ('print') -> masuk render_checklist_report()
[2026-09-18 05:37:05] render_checklist_report() mulai | format=print
[2026-09-18 05:37:05] inner() mulai | bulan=8 tahun=2026 day_count=31
[2026-09-18 05:37:05] query selesai | jumlah row=13 | lastError=NULL
[2026-09-18 05:37:05] data siap, pelaksana terisi utk 13 hari. Mau panggil render_view() sekarang...
[2026-09-18 05:37:05] HTML report kebentuk, panjang=113470 karakter (format=print)
[2026-09-18 05:37:05] shutdown handler jalan, TIDAK ada fatal error tercatat (format=print)
[2026-09-18 05:39:19] index() called | format mentah='excel' | format lowercase='excel' | bulan=NULL | tahun=NULL
[2026-09-18 05:39:19] format TIDAK cocok kondisi kita (raw='excel') -> lanjut ke logic list() normal di bawah
[2026-09-18 05:39:48] index() called | format mentah='pdf' | format lowercase='pdf' | bulan='8' | tahun='2026'
[2026-09-18 05:39:48] format cocok ('pdf') -> masuk render_checklist_report()
[2026-09-18 05:39:48] render_checklist_report() mulai | format=pdf
[2026-09-18 05:39:48] inner() mulai | bulan=8 tahun=2026 day_count=31
[2026-09-18 05:39:48] query selesai | jumlah row=13 | lastError=NULL
[2026-09-18 05:39:48] data siap, pelaksana terisi utk 13 hari. Mau panggil render_view() sekarang...
[2026-09-18 05:39:48] HTML report kebentuk, panjang=113818 karakter (format=pdf)
[2026-09-18 05:39:49] PDF jadi, ukuran=455714 byte
[2026-09-18 05:39:49] shutdown handler jalan, TIDAK ada fatal error tercatat (format=pdf)
[2026-09-18 05:39:55] index() called | format mentah='excel' | format lowercase='excel' | bulan='8' | tahun='2026'
[2026-09-18 05:39:55] format TIDAK cocok kondisi kita (raw='excel') -> lanjut ke logic list() normal di bawah
[2026-09-18 05:40:00] index() called | format mentah='pdf' | format lowercase='pdf' | bulan='8' | tahun='2026'
[2026-09-18 05:40:00] format cocok ('pdf') -> masuk render_checklist_report()
[2026-09-18 05:40:00] render_checklist_report() mulai | format=pdf
[2026-09-18 05:40:00] inner() mulai | bulan=8 tahun=2026 day_count=31
[2026-09-18 05:40:00] query selesai | jumlah row=13 | lastError=NULL
[2026-09-18 05:40:00] data siap, pelaksana terisi utk 13 hari. Mau panggil render_view() sekarang...
[2026-09-18 05:40:00] HTML report kebentuk, panjang=113818 karakter (format=pdf)
[2026-09-18 05:40:00] PDF jadi, ukuran=455714 byte
[2026-09-18 05:40:00] shutdown handler jalan, TIDAK ada fatal error tercatat (format=pdf)
[2026-09-18 05:40:04] index() called | format mentah='word' | format lowercase='word' | bulan='8' | tahun='2026'
[2026-09-18 05:40:04] format cocok ('word') -> masuk render_checklist_report()
[2026-09-18 05:40:04] render_checklist_report() mulai | format=word
[2026-09-18 05:40:04] inner() mulai | bulan=8 tahun=2026 day_count=31
[2026-09-18 05:40:04] query selesai | jumlah row=13 | lastError=NULL
[2026-09-18 05:40:04] data siap, pelaksana terisi utk 13 hari. Mau panggil render_view() sekarang...
[2026-09-18 05:40:05] HTML report kebentuk, panjang=113427 karakter (format=word)
[2026-09-18 05:40:05] shutdown handler jalan, TIDAK ada fatal error tercatat (format=word)
[2026-09-18 06:27:37] index() called | format mentah='pdf' | format lowercase='pdf' | bulan=NULL | tahun=NULL
[2026-09-18 06:27:37] format cocok ('pdf') -> masuk render_checklist_report()
[2026-09-18 06:27:37] render_checklist_report() mulai | format=pdf
[2026-09-18 06:27:37] inner() mulai | bulan=9 tahun=2026 day_count=30
[2026-09-18 06:27:37] query selesai | jumlah row=0 | lastError=NULL
[2026-09-18 06:27:37] data siap, pelaksana terisi utk 0 hari. Mau panggil render_view() sekarang...
[2026-09-18 06:27:37] HTML report kebentuk, panjang=98676 karakter (format=pdf)
[2026-09-18 06:27:37] PDF jadi, ukuran=453313 byte
[2026-09-18 06:27:37] shutdown handler jalan, TIDAK ada fatal error tercatat (format=pdf)
[2026-09-18 06:48:45] index() called | format mentah=NULL | format lowercase='' | bulan=NULL | tahun=NULL
[2026-09-18 06:48:45] format TIDAK cocok kondisi kita (raw=NULL) -> lanjut ke logic list() normal di bawah
[2026-09-18 06:50:20] index() called | format mentah=NULL | format lowercase='' | bulan=NULL | tahun=NULL
[2026-09-18 06:50:20] format TIDAK cocok kondisi kita (raw=NULL) -> lanjut ke logic list() normal di bawah
[2026-09-18 06:57:03] index() called | format mentah=NULL | format lowercase='' | bulan=NULL | tahun=NULL
[2026-09-18 06:57:03] format TIDAK cocok kondisi kita (raw=NULL) -> lanjut ke logic list() normal di bawah
[2026-09-18 06:57:16] index() called | format mentah=NULL | format lowercase='' | bulan=NULL | tahun=NULL
[2026-09-18 06:57:16] format TIDAK cocok kondisi kita (raw=NULL) -> lanjut ke logic list() normal di bawah
[2026-09-18 08:22:07] index() called | format mentah=NULL | format lowercase='' | bulan=NULL | tahun=NULL
[2026-09-18 08:22:07] format TIDAK cocok kondisi kita (raw=NULL) -> lanjut ke logic list() normal di bawah
[2026-09-18 08:22:36] index() called | format mentah=NULL | format lowercase='' | bulan=NULL | tahun=NULL
[2026-09-18 08:22:36] format TIDAK cocok kondisi kita (raw=NULL) -> lanjut ke logic list() normal di bawah
[2026-09-18 08:22:36] index() called | format mentah=NULL | format lowercase='' | bulan=NULL | tahun=NULL
[2026-09-18 08:22:36] format TIDAK cocok kondisi kita (raw=NULL) -> lanjut ke logic list() normal di bawah
[2026-09-18 08:22:36] index() called | format mentah=NULL | format lowercase='' | bulan=NULL | tahun=NULL
[2026-09-18 08:22:36] format TIDAK cocok kondisi kita (raw=NULL) -> lanjut ke logic list() normal di bawah
[2026-09-18 08:22:36] index() called | format mentah=NULL | format lowercase='' | bulan=NULL | tahun=NULL
[2026-09-18 08:22:36] format TIDAK cocok kondisi kita (raw=NULL) -> lanjut ke logic list() normal di bawah
[2026-09-18 08:22:36] index() called | format mentah=NULL | format lowercase='' | bulan=NULL | tahun=NULL
[2026-09-18 08:22:36] format TIDAK cocok kondisi kita (raw=NULL) -> lanjut ke logic list() normal di bawah
[2026-09-18 08:22:36] index() called | format mentah=NULL | format lowercase='' | bulan=NULL | tahun=NULL
[2026-09-18 08:22:36] format TIDAK cocok kondisi kita (raw=NULL) -> lanjut ke logic list() normal di bawah
[2026-09-18 08:22:36] index() called | format mentah=NULL | format lowercase='' | bulan=NULL | tahun=NULL
[2026-09-18 08:22:36] format TIDAK cocok kondisi kita (raw=NULL) -> lanjut ke logic list() normal di bawah
[2026-09-18 08:22:36] index() called | format mentah=NULL | format lowercase='' | bulan=NULL | tahun=NULL
[2026-09-18 08:22:36] format TIDAK cocok kondisi kita (raw=NULL) -> lanjut ke logic list() normal di bawah
[2026-09-18 08:22:36] index() called | format mentah=NULL | format lowercase='' | bulan=NULL | tahun=NULL
[2026-09-18 08:22:36] format TIDAK cocok kondisi kita (raw=NULL) -> lanjut ke logic list() normal di bawah
[2026-09-18 08:22:36] index() called | format mentah=NULL | format lowercase='' | bulan=NULL | tahun=NULL
[2026-09-18 08:22:36] format TIDAK cocok kondisi kita (raw=NULL) -> lanjut ke logic list() normal di bawah
[2026-09-18 08:22:36] index() called | format mentah=NULL | format lowercase='' | bulan=NULL | tahun=NULL
[2026-09-18 08:22:36] format TIDAK cocok kondisi kita (raw=NULL) -> lanjut ke logic list() normal di bawah
[2026-09-18 08:22:36] index() called | format mentah=NULL | format lowercase='' | bulan=NULL | tahun=NULL
[2026-09-18 08:22:36] format TIDAK cocok kondisi kita (raw=NULL) -> lanjut ke logic list() normal di bawah
[2026-09-18 08:22:36] index() called | format mentah=NULL | format lowercase='' | bulan=NULL | tahun=NULL
[2026-09-18 08:22:36] format TIDAK cocok kondisi kita (raw=NULL) -> lanjut ke logic list() normal di bawah
[2026-09-18 08:22:36] index() called | format mentah=NULL | format lowercase='' | bulan=NULL | tahun=NULL
[2026-09-18 08:22:36] format TIDAK cocok kondisi kita (raw=NULL) -> lanjut ke logic list() normal di bawah
[2026-09-18 08:22:36] index() called | format mentah=NULL | format lowercase='' | bulan=NULL | tahun=NULL
[2026-09-18 08:22:36] format TIDAK cocok kondisi kita (raw=NULL) -> lanjut ke logic list() normal di bawah
[2026-09-18 08:22:36] index() called | format mentah=NULL | format lowercase='' | bulan=NULL | tahun=NULL
[2026-09-18 08:22:36] format TIDAK cocok kondisi kita (raw=NULL) -> lanjut ke logic list() normal di bawah
[2026-09-18 08:22:36] index() called | format mentah=NULL | format lowercase='' | bulan=NULL | tahun=NULL
[2026-09-18 08:22:36] format TIDAK cocok kondisi kita (raw=NULL) -> lanjut ke logic list() normal di bawah
[2026-09-18 08:22:36] index() called | format mentah=NULL | format lowercase='' | bulan=NULL | tahun=NULL
[2026-09-18 08:22:36] format TIDAK cocok kondisi kita (raw=NULL) -> lanjut ke logic list() normal di bawah
[2026-09-18 08:22:36] index() called | format mentah=NULL | format lowercase='' | bulan=NULL | tahun=NULL
[2026-09-18 08:22:36] format TIDAK cocok kondisi kita (raw=NULL) -> lanjut ke logic list() normal di bawah
[2026-09-18 08:22:36] index() called | format mentah=NULL | format lowercase='' | bulan=NULL | tahun=NULL
[2026-09-18 08:22:36] format TIDAK cocok kondisi kita (raw=NULL) -> lanjut ke logic list() normal di bawah
[2026-09-18 08:22:36] index() called | format mentah=NULL | format lowercase='' | bulan=NULL | tahun=NULL
[2026-09-18 08:22:36] format TIDAK cocok kondisi kita (raw=NULL) -> lanjut ke logic list() normal di bawah
[2026-09-18 08:22:36] index() called | format mentah=NULL | format lowercase='' | bulan=NULL | tahun=NULL
[2026-09-18 08:22:36] format TIDAK cocok kondisi kita (raw=NULL) -> lanjut ke logic list() normal di bawah
[2026-09-18 08:22:36] index() called | format mentah=NULL | format lowercase='' | bulan=NULL | tahun=NULL
[2026-09-18 08:22:36] format TIDAK cocok kondisi kita (raw=NULL) -> lanjut ke logic list() normal di bawah
[2026-09-18 08:22:36] index() called | format mentah=NULL | format lowercase='' | bulan=NULL | tahun=NULL
[2026-09-18 08:22:36] format TIDAK cocok kondisi kita (raw=NULL) -> lanjut ke logic list() normal di bawah
[2026-09-18 08:22:38] index() called | format mentah='pdf' | format lowercase='pdf' | bulan=NULL | tahun=NULL
[2026-09-18 08:22:38] format cocok ('pdf') -> masuk render_checklist_report()
[2026-09-18 08:22:38] render_checklist_report() mulai | format=pdf
[2026-09-18 08:22:38] inner() mulai | bulan=9 tahun=2026 day_count=30
[2026-09-18 08:22:38] query selesai | jumlah row=0 | lastError=NULL
[2026-09-18 08:22:38] data siap, pelaksana terisi utk 0 hari. Mau panggil render_view() sekarang...
[2026-09-18 08:22:38] HTML report kebentuk, panjang=98676 karakter (format=pdf)
[2026-09-18 08:22:39] PDF jadi, ukuran=453313 byte
[2026-09-18 08:22:39] shutdown handler jalan, TIDAK ada fatal error tercatat (format=pdf)
[2026-09-18 08:22:43] index() called | format mentah='pdf' | format lowercase='pdf' | bulan='8' | tahun='2026'
[2026-09-18 08:22:43] format cocok ('pdf') -> masuk render_checklist_report()
[2026-09-18 08:22:43] render_checklist_report() mulai | format=pdf
[2026-09-18 08:22:43] inner() mulai | bulan=8 tahun=2026 day_count=31
[2026-09-18 08:22:43] query selesai | jumlah row=13 | lastError=NULL
[2026-09-18 08:22:43] data siap, pelaksana terisi utk 13 hari. Mau panggil render_view() sekarang...
[2026-09-18 08:22:43] HTML report kebentuk, panjang=113818 karakter (format=pdf)
[2026-09-18 08:22:43] PDF jadi, ukuran=455714 byte
[2026-09-18 08:22:43] shutdown handler jalan, TIDAK ada fatal error tercatat (format=pdf)
[2026-09-18 08:23:09] index() called | format mentah=NULL | format lowercase='' | bulan=NULL | tahun=NULL
[2026-09-18 08:23:09] format TIDAK cocok kondisi kita (raw=NULL) -> lanjut ke logic list() normal di bawah
[2026-09-18 08:23:15] index() called | format mentah=NULL | format lowercase='' | bulan=NULL | tahun=NULL
[2026-09-18 08:23:15] format TIDAK cocok kondisi kita (raw=NULL) -> lanjut ke logic list() normal di bawah
[2026-09-18 08:23:15] index() called | format mentah=NULL | format lowercase='' | bulan=NULL | tahun=NULL
[2026-09-18 08:23:15] format TIDAK cocok kondisi kita (raw=NULL) -> lanjut ke logic list() normal di bawah
[2026-09-18 08:23:15] index() called | format mentah=NULL | format lowercase='' | bulan=NULL | tahun=NULL
[2026-09-18 08:23:15] format TIDAK cocok kondisi kita (raw=NULL) -> lanjut ke logic list() normal di bawah
[2026-09-18 08:23:15] index() called | format mentah=NULL | format lowercase='' | bulan=NULL | tahun=NULL
[2026-09-18 08:23:15] format TIDAK cocok kondisi kita (raw=NULL) -> lanjut ke logic list() normal di bawah
[2026-09-18 08:23:15] index() called | format mentah=NULL | format lowercase='' | bulan=NULL | tahun=NULL
[2026-09-18 08:23:15] format TIDAK cocok kondisi kita (raw=NULL) -> lanjut ke logic list() normal di bawah
[2026-09-18 08:23:15] index() called | format mentah=NULL | format lowercase='' | bulan=NULL | tahun=NULL
[2026-09-18 08:23:15] format TIDAK cocok kondisi kita (raw=NULL) -> lanjut ke logic list() normal di bawah
[2026-09-18 08:23:15] index() called | format mentah=NULL | format lowercase='' | bulan=NULL | tahun=NULL
[2026-09-18 08:23:15] format TIDAK cocok kondisi kita (raw=NULL) -> lanjut ke logic list() normal di bawah
[2026-09-18 08:23:15] index() called | format mentah=NULL | format lowercase='' | bulan=NULL | tahun=NULL
[2026-09-18 08:23:15] format TIDAK cocok kondisi kita (raw=NULL) -> lanjut ke logic list() normal di bawah
[2026-09-18 08:23:15] index() called | format mentah=NULL | format lowercase='' | bulan=NULL | tahun=NULL
[2026-09-18 08:23:15] format TIDAK cocok kondisi kita (raw=NULL) -> lanjut ke logic list() normal di bawah
[2026-09-18 08:23:15] index() called | format mentah=NULL | format lowercase='' | bulan=NULL | tahun=NULL
[2026-09-18 08:23:15] format TIDAK cocok kondisi kita (raw=NULL) -> lanjut ke logic list() normal di bawah
[2026-09-18 08:23:15] index() called | format mentah=NULL | format lowercase='' | bulan=NULL | tahun=NULL
[2026-09-18 08:23:15] format TIDAK cocok kondisi kita (raw=NULL) -> lanjut ke logic list() normal di bawah
[2026-09-18 08:23:15] index() called | format mentah=NULL | format lowercase='' | bulan=NULL | tahun=NULL
[2026-09-18 08:23:15] format TIDAK cocok kondisi kita (raw=NULL) -> lanjut ke logic list() normal di bawah
[2026-09-18 08:23:15] index() called | format mentah=NULL | format lowercase='' | bulan=NULL | tahun=NULL
[2026-09-18 08:23:15] format TIDAK cocok kondisi kita (raw=NULL) -> lanjut ke logic list() normal di bawah
[2026-09-18 08:23:15] index() called | format mentah=NULL | format lowercase='' | bulan=NULL | tahun=NULL
[2026-09-18 08:23:15] format TIDAK cocok kondisi kita (raw=NULL) -> lanjut ke logic list() normal di bawah
[2026-09-18 08:23:15] index() called | format mentah=NULL | format lowercase='' | bulan=NULL | tahun=NULL
[2026-09-18 08:23:15] format TIDAK cocok kondisi kita (raw=NULL) -> lanjut ke logic list() normal di bawah
[2026-09-18 08:23:15] index() called | format mentah=NULL | format lowercase='' | bulan=NULL | tahun=NULL
[2026-09-18 08:23:15] format TIDAK cocok kondisi kita (raw=NULL) -> lanjut ke logic list() normal di bawah
[2026-09-18 08:23:15] index() called | format mentah=NULL | format lowercase='' | bulan=NULL | tahun=NULL
[2026-09-18 08:23:15] format TIDAK cocok kondisi kita (raw=NULL) -> lanjut ke logic list() normal di bawah
[2026-09-18 08:23:15] index() called | format mentah=NULL | format lowercase='' | bulan=NULL | tahun=NULL
[2026-09-18 08:23:15] format TIDAK cocok kondisi kita (raw=NULL) -> lanjut ke logic list() normal di bawah
[2026-09-18 08:23:15] index() called | format mentah=NULL | format lowercase='' | bulan=NULL | tahun=NULL
[2026-09-18 08:23:15] format TIDAK cocok kondisi kita (raw=NULL) -> lanjut ke logic list() normal di bawah
[2026-09-18 08:23:15] index() called | format mentah=NULL | format lowercase='' | bulan=NULL | tahun=NULL
[2026-09-18 08:23:15] format TIDAK cocok kondisi kita (raw=NULL) -> lanjut ke logic list() normal di bawah
[2026-09-18 08:23:15] index() called | format mentah=NULL | format lowercase='' | bulan=NULL | tahun=NULL
[2026-09-18 08:23:15] format TIDAK cocok kondisi kita (raw=NULL) -> lanjut ke logic list() normal di bawah
[2026-09-18 08:23:15] index() called | format mentah=NULL | format lowercase='' | bulan=NULL | tahun=NULL
[2026-09-18 08:23:15] format TIDAK cocok kondisi kita (raw=NULL) -> lanjut ke logic list() normal di bawah
[2026-09-18 08:23:15] index() called | format mentah=NULL | format lowercase='' | bulan=NULL | tahun=NULL
[2026-09-18 08:23:15] format TIDAK cocok kondisi kita (raw=NULL) -> lanjut ke logic list() normal di bawah
[2026-09-18 08:23:15] index() called | format mentah=NULL | format lowercase='' | bulan=NULL | tahun=NULL
[2026-09-18 08:23:15] format TIDAK cocok kondisi kita (raw=NULL) -> lanjut ke logic list() normal di bawah
[2026-09-18 08:23:15] index() called | format mentah=NULL | format lowercase='' | bulan=NULL | tahun=NULL
[2026-09-18 08:23:15] format TIDAK cocok kondisi kita (raw=NULL) -> lanjut ke logic list() normal di bawah
[2026-09-18 08:23:15] index() called | format mentah=NULL | format lowercase='' | bulan=NULL | tahun=NULL
[2026-09-18 08:23:15] format TIDAK cocok kondisi kita (raw=NULL) -> lanjut ke logic list() normal di bawah
[2026-09-18 08:23:15] index() called | format mentah=NULL | format lowercase='' | bulan=NULL | tahun=NULL
[2026-09-18 08:23:15] format TIDAK cocok kondisi kita (raw=NULL) -> lanjut ke logic list() normal di bawah
[2026-09-18 08:23:15] index() called | format mentah=NULL | format lowercase='' | bulan=NULL | tahun=NULL
[2026-09-18 08:23:15] format TIDAK cocok kondisi kita (raw=NULL) -> lanjut ke logic list() normal di bawah
[2026-09-18 08:23:15] index() called | format mentah=NULL | format lowercase='' | bulan=NULL | tahun=NULL
[2026-09-18 08:23:15] format TIDAK cocok kondisi kita (raw=NULL) -> lanjut ke logic list() normal di bawah
[2026-09-18 08:23:18] index() called | format mentah=NULL | format lowercase='' | bulan=NULL | tahun=NULL
[2026-09-18 08:23:18] format TIDAK cocok kondisi kita (raw=NULL) -> lanjut ke logic list() normal di bawah
[2026-09-18 10:30:25] index() called | format mentah=NULL | format lowercase='' | bulan=NULL | tahun=NULL
[2026-09-18 10:30:25] format TIDAK cocok kondisi kita (raw=NULL) -> lanjut ke logic list() normal di bawah
[2026-09-18 10:31:21] index() called | format mentah=NULL | format lowercase='' | bulan=NULL | tahun=NULL
[2026-09-18 10:31:21] format TIDAK cocok kondisi kita (raw=NULL) -> lanjut ke logic list() normal di bawah
[2026-09-18 10:31:21] index() called | format mentah=NULL | format lowercase='' | bulan=NULL | tahun=NULL
[2026-09-18 10:31:21] format TIDAK cocok kondisi kita (raw=NULL) -> lanjut ke logic list() normal di bawah
[2026-09-18 10:31:21] index() called | format mentah=NULL | format lowercase='' | bulan=NULL | tahun=NULL
[2026-09-18 10:31:21] format TIDAK cocok kondisi kita (raw=NULL) -> lanjut ke logic list() normal di bawah
[2026-09-18 10:31:21] index() called | format mentah=NULL | format lowercase='' | bulan=NULL | tahun=NULL
[2026-09-18 10:31:21] format TIDAK cocok kondisi kita (raw=NULL) -> lanjut ke logic list() normal di bawah
[2026-09-18 10:31:21] index() called | format mentah=NULL | format lowercase='' | bulan=NULL | tahun=NULL
[2026-09-18 10:31:21] format TIDAK cocok kondisi kita (raw=NULL) -> lanjut ke logic list() normal di bawah
[2026-09-18 10:31:21] index() called | format mentah=NULL | format lowercase='' | bulan=NULL | tahun=NULL
[2026-09-18 10:31:21] format TIDAK cocok kondisi kita (raw=NULL) -> lanjut ke logic list() normal di bawah
[2026-09-18 10:31:21] index() called | format mentah=NULL | format lowercase='' | bulan=NULL | tahun=NULL
[2026-09-18 10:31:21] format TIDAK cocok kondisi kita (raw=NULL) -> lanjut ke logic list() normal di bawah
[2026-09-18 10:31:21] index() called | format mentah=NULL | format lowercase='' | bulan=NULL | tahun=NULL
[2026-09-18 10:31:21] format TIDAK cocok kondisi kita (raw=NULL) -> lanjut ke logic list() normal di bawah
[2026-09-18 10:31:21] index() called | format mentah=NULL | format lowercase='' | bulan=NULL | tahun=NULL
[2026-09-18 10:31:21] format TIDAK cocok kondisi kita (raw=NULL) -> lanjut ke logic list() normal di bawah
[2026-09-18 10:31:21] index() called | format mentah=NULL | format lowercase='' | bulan=NULL | tahun=NULL
[2026-09-18 10:31:21] format TIDAK cocok kondisi kita (raw=NULL) -> lanjut ke logic list() normal di bawah
[2026-09-18 10:31:21] index() called | format mentah=NULL | format lowercase='' | bulan=NULL | tahun=NULL
[2026-09-18 10:31:21] format TIDAK cocok kondisi kita (raw=NULL) -> lanjut ke logic list() normal di bawah
[2026-09-18 10:31:21] index() called | format mentah=NULL | format lowercase='' | bulan=NULL | tahun=NULL
[2026-09-18 10:31:21] format TIDAK cocok kondisi kita (raw=NULL) -> lanjut ke logic list() normal di bawah
[2026-09-18 10:31:21] index() called | format mentah=NULL | format lowercase='' | bulan=NULL | tahun=NULL
[2026-09-18 10:31:21] format TIDAK cocok kondisi kita (raw=NULL) -> lanjut ke logic list() normal di bawah
[2026-09-18 10:31:21] index() called | format mentah=NULL | format lowercase='' | bulan=NULL | tahun=NULL
[2026-09-18 10:31:21] format TIDAK cocok kondisi kita (raw=NULL) -> lanjut ke logic list() normal di bawah
[2026-09-18 10:31:21] index() called | format mentah=NULL | format lowercase='' | bulan=NULL | tahun=NULL
[2026-09-18 10:31:21] format TIDAK cocok kondisi kita (raw=NULL) -> lanjut ke logic list() normal di bawah
[2026-09-18 10:31:21] index() called | format mentah=NULL | format lowercase='' | bulan=NULL | tahun=NULL
[2026-09-18 10:31:21] format TIDAK cocok kondisi kita (raw=NULL) -> lanjut ke logic list() normal di bawah
[2026-09-18 10:31:21] index() called | format mentah=NULL | format lowercase='' | bulan=NULL | tahun=NULL
[2026-09-18 10:31:21] format TIDAK cocok kondisi kita (raw=NULL) -> lanjut ke logic list() normal di bawah
[2026-09-18 10:31:21] index() called | format mentah=NULL | format lowercase='' | bulan=NULL | tahun=NULL
[2026-09-18 10:31:21] format TIDAK cocok kondisi kita (raw=NULL) -> lanjut ke logic list() normal di bawah
[2026-09-18 10:31:21] index() called | format mentah=NULL | format lowercase='' | bulan=NULL | tahun=NULL
[2026-09-18 10:31:21] format TIDAK cocok kondisi kita (raw=NULL) -> lanjut ke logic list() normal di bawah
[2026-09-18 10:31:21] index() called | format mentah=NULL | format lowercase='' | bulan=NULL | tahun=NULL
[2026-09-18 10:31:21] format TIDAK cocok kondisi kita (raw=NULL) -> lanjut ke logic list() normal di bawah
[2026-09-18 10:31:21] index() called | format mentah=NULL | format lowercase='' | bulan=NULL | tahun=NULL
[2026-09-18 10:31:21] format TIDAK cocok kondisi kita (raw=NULL) -> lanjut ke logic list() normal di bawah
[2026-09-18 10:31:21] index() called | format mentah=NULL | format lowercase='' | bulan=NULL | tahun=NULL
[2026-09-18 10:31:21] format TIDAK cocok kondisi kita (raw=NULL) -> lanjut ke logic list() normal di bawah
[2026-09-18 10:31:22] index() called | format mentah=NULL | format lowercase='' | bulan=NULL | tahun=NULL
[2026-09-18 10:31:22] format TIDAK cocok kondisi kita (raw=NULL) -> lanjut ke logic list() normal di bawah
[2026-09-18 10:31:22] index() called | format mentah=NULL | format lowercase='' | bulan=NULL | tahun=NULL
[2026-09-18 10:31:22] format TIDAK cocok kondisi kita (raw=NULL) -> lanjut ke logic list() normal di bawah
[2026-09-18 10:31:22] index() called | format mentah=NULL | format lowercase='' | bulan=NULL | tahun=NULL
[2026-09-18 10:31:22] format TIDAK cocok kondisi kita (raw=NULL) -> lanjut ke logic list() normal di bawah
[2026-09-18 10:31:22] index() called | format mentah=NULL | format lowercase='' | bulan=NULL | tahun=NULL
[2026-09-18 10:31:22] format TIDAK cocok kondisi kita (raw=NULL) -> lanjut ke logic list() normal di bawah
[2026-09-18 10:31:22] index() called | format mentah=NULL | format lowercase='' | bulan=NULL | tahun=NULL
[2026-09-18 10:31:22] format TIDAK cocok kondisi kita (raw=NULL) -> lanjut ke logic list() normal di bawah
[2026-09-18 10:31:22] index() called | format mentah=NULL | format lowercase='' | bulan=NULL | tahun=NULL
[2026-09-18 10:31:22] format TIDAK cocok kondisi kita (raw=NULL) -> lanjut ke logic list() normal di bawah
[2026-09-21 04:09:31] index() called | format mentah=NULL | format lowercase='' | bulan=NULL | tahun=NULL
[2026-09-21 04:09:31] format TIDAK cocok kondisi kita (raw=NULL) -> lanjut ke logic list() normal di bawah
[2026-09-21 04:33:14] index() called | format mentah=NULL | format lowercase='' | bulan=NULL | tahun=NULL
[2026-09-21 04:33:14] format TIDAK cocok kondisi kita (raw=NULL) -> lanjut ke logic list() normal di bawah
[2026-09-21 07:51:13] index() called | format mentah=NULL | format lowercase='' | bulan=NULL | tahun=NULL
[2026-09-21 07:51:13] format TIDAK cocok kondisi kita (raw=NULL) -> lanjut ke logic list() normal di bawah
[2026-09-21 07:59:19] index() called | format mentah=NULL | format lowercase='' | bulan=NULL | tahun=NULL
[2026-09-21 07:59:19] format TIDAK cocok kondisi kita (raw=NULL) -> lanjut ke logic list() normal di bawah
[2026-09-21 07:59:35] index() called | format mentah=NULL | format lowercase='' | bulan=NULL | tahun=NULL
[2026-09-21 07:59:35] format TIDAK cocok kondisi kita (raw=NULL) -> lanjut ke logic list() normal di bawah
[2026-09-21 08:42:15] index() called | format mentah=NULL | format lowercase='' | bulan=NULL | tahun=NULL
[2026-09-21 08:42:15] format TIDAK cocok kondisi kita (raw=NULL) -> lanjut ke logic list() normal di bawah
[2026-09-21 08:57:00] index() called | format mentah=NULL | format lowercase='' | bulan=NULL | tahun=NULL
[2026-09-21 08:57:00] format TIDAK cocok kondisi kita (raw=NULL) -> lanjut ke logic list() normal di bawah
[2026-09-22 03:06:00] index() called | format mentah=NULL | format lowercase='' | bulan=NULL | tahun=NULL
[2026-09-22 03:06:00] format TIDAK cocok kondisi kita (raw=NULL) -> lanjut ke logic list() normal di bawah
[2026-09-22 04:52:42] index() called | format mentah=NULL | format lowercase='' | bulan=NULL | tahun=NULL
[2026-09-22 04:52:42] format TIDAK cocok kondisi kita (raw=NULL) -> lanjut ke logic list() normal di bawah
[2026-09-22 05:02:18] index() called | format mentah=NULL | format lowercase='' | bulan=NULL | tahun=NULL
[2026-09-22 05:02:18] format TIDAK cocok kondisi kita (raw=NULL) -> lanjut ke logic list() normal di bawah
[2026-09-22 05:02:21] index() called | format mentah=NULL | format lowercase='' | bulan='9' | tahun='2025'
[2026-09-22 05:02:21] format TIDAK cocok kondisi kita (raw=NULL) -> lanjut ke logic list() normal di bawah
[2026-09-22 05:02:23] index() called | format mentah='pdf' | format lowercase='pdf' | bulan='9' | tahun='2025'
[2026-09-22 05:02:23] format cocok ('pdf') -> masuk render_checklist_report()
[2026-09-22 05:02:23] render_checklist_report() mulai | format=pdf
[2026-09-22 05:02:23] inner() mulai | bulan=9 tahun=2025 day_count=30
[2026-09-22 05:02:23] query selesai | jumlah row=0 | lastError=NULL
[2026-09-22 05:02:23] data siap, pelaksana terisi utk 0 hari. Mau panggil render_view() sekarang...
[2026-09-22 05:02:23] HTML report kebentuk, panjang=110857 karakter (format=pdf)
[2026-09-22 05:02:24] PDF jadi, ukuran=454385 byte
[2026-09-22 05:02:24] shutdown handler jalan, TIDAK ada fatal error tercatat (format=pdf)
[2026-09-22 05:02:33] index() called | format mentah=NULL | format lowercase='' | bulan='9' | tahun='2026'
[2026-09-22 05:02:33] format TIDAK cocok kondisi kita (raw=NULL) -> lanjut ke logic list() normal di bawah
[2026-09-22 05:02:37] index() called | format mentah=NULL | format lowercase='' | bulan='8' | tahun='2026'
[2026-09-22 05:02:37] format TIDAK cocok kondisi kita (raw=NULL) -> lanjut ke logic list() normal di bawah
[2026-09-22 05:02:39] index() called | format mentah='pdf' | format lowercase='pdf' | bulan='8' | tahun='2026'
[2026-09-22 05:02:39] format cocok ('pdf') -> masuk render_checklist_report()
[2026-09-22 05:02:39] render_checklist_report() mulai | format=pdf
[2026-09-22 05:02:39] inner() mulai | bulan=8 tahun=2026 day_count=31
[2026-09-22 05:02:39] query selesai | jumlah row=13 | lastError=NULL
[2026-09-22 05:02:39] data siap, pelaksana terisi utk 13 hari. Mau panggil render_view() sekarang...
[2026-09-22 05:02:39] HTML report kebentuk, panjang=113995 karakter (format=pdf)
[2026-09-22 05:02:39] PDF jadi, ukuran=455724 byte
[2026-09-22 05:02:39] shutdown handler jalan, TIDAK ada fatal error tercatat (format=pdf)
[2026-09-22 05:04:31] index() called | format mentah=NULL | format lowercase='' | bulan='8' | tahun='2026'
[2026-09-22 05:04:31] format TIDAK cocok kondisi kita (raw=NULL) -> lanjut ke logic list() normal di bawah
[2026-09-22 05:04:31] index() called | format mentah=NULL | format lowercase='' | bulan='8' | tahun='2026'
[2026-09-22 05:04:31] format TIDAK cocok kondisi kita (raw=NULL) -> lanjut ke logic list() normal di bawah
[2026-09-22 05:04:31] index() called | format mentah=NULL | format lowercase='' | bulan='8' | tahun='2026'
[2026-09-22 05:04:31] format TIDAK cocok kondisi kita (raw=NULL) -> lanjut ke logic list() normal di bawah
[2026-09-22 05:04:31] index() called | format mentah=NULL | format lowercase='' | bulan='8' | tahun='2026'
[2026-09-22 05:04:31] format TIDAK cocok kondisi kita (raw=NULL) -> lanjut ke logic list() normal di bawah
[2026-09-22 05:04:31] index() called | format mentah=NULL | format lowercase='' | bulan='8' | tahun='2026'
[2026-09-22 05:04:31] format TIDAK cocok kondisi kita (raw=NULL) -> lanjut ke logic list() normal di bawah
[2026-09-22 05:04:31] index() called | format mentah=NULL | format lowercase='' | bulan='8' | tahun='2026'
[2026-09-22 05:04:31] format TIDAK cocok kondisi kita (raw=NULL) -> lanjut ke logic list() normal di bawah
[2026-09-22 05:04:31] index() called | format mentah=NULL | format lowercase='' | bulan='8' | tahun='2026'
[2026-09-22 05:04:31] format TIDAK cocok kondisi kita (raw=NULL) -> lanjut ke logic list() normal di bawah
[2026-09-22 05:48:08] index() called | format mentah=NULL | format lowercase='' | bulan=NULL | tahun=NULL
[2026-09-22 05:48:08] format TIDAK cocok kondisi kita (raw=NULL) -> lanjut ke logic list() normal di bawah
[2026-09-22 06:09:46] index() called | format mentah=NULL | format lowercase='' | bulan=NULL | tahun=NULL
[2026-09-22 06:09:46] format TIDAK cocok kondisi kita (raw=NULL) -> lanjut ke logic list() normal di bawah
[2026-09-22 06:11:31] index() called | format mentah=NULL | format lowercase='' | bulan=NULL | tahun=NULL
[2026-09-22 06:11:31] format TIDAK cocok kondisi kita (raw=NULL) -> lanjut ke logic list() normal di bawah
[2026-09-22 06:34:26] index() called | format mentah=NULL | format lowercase='' | bulan=NULL | tahun=NULL
[2026-09-22 06:34:26] format TIDAK cocok kondisi kita (raw=NULL) -> lanjut ke logic list() normal di bawah
[2026-09-22 07:06:01] index() called | format mentah=NULL | format lowercase='' | bulan=NULL | tahun=NULL
[2026-09-22 07:06:01] format TIDAK cocok kondisi kita (raw=NULL) -> lanjut ke logic list() normal di bawah
[2026-09-22 08:00:15] index() called | format mentah=NULL | format lowercase='' | bulan=NULL | tahun=NULL
[2026-09-22 08:00:15] format TIDAK cocok kondisi kita (raw=NULL) -> lanjut ke logic list() normal di bawah
[2026-09-22 08:55:25] index() called | format mentah=NULL | format lowercase='' | bulan=NULL | tahun=NULL
[2026-09-22 08:55:25] format TIDAK cocok kondisi kita (raw=NULL) -> lanjut ke logic list() normal di bawah
[2026-09-22 09:06:15] index() called | format mentah=NULL | format lowercase='' | bulan=NULL | tahun=NULL
[2026-09-22 09:06:15] format TIDAK cocok kondisi kita (raw=NULL) -> lanjut ke logic list() normal di bawah
[2026-09-22 09:07:29] index() called | format mentah=NULL | format lowercase='' | bulan=NULL | tahun=NULL
[2026-09-22 09:07:29] format TIDAK cocok kondisi kita (raw=NULL) -> lanjut ke logic list() normal di bawah
[2026-09-22 09:07:30] index() called | format mentah=NULL | format lowercase='' | bulan=NULL | tahun=NULL
[2026-09-22 09:07:30] format TIDAK cocok kondisi kita (raw=NULL) -> lanjut ke logic list() normal di bawah
[2026-09-22 09:07:30] index() called | format mentah=NULL | format lowercase='' | bulan=NULL | tahun=NULL
[2026-09-22 09:07:30] format TIDAK cocok kondisi kita (raw=NULL) -> lanjut ke logic list() normal di bawah
[2026-09-22 09:07:36] index() called | format mentah='pdf' | format lowercase='pdf' | bulan=NULL | tahun=NULL
[2026-09-22 09:07:36] format cocok ('pdf') -> masuk render_checklist_report()
[2026-09-22 09:07:36] render_checklist_report() mulai | format=pdf
[2026-09-22 09:07:36] inner() mulai | bulan=9 tahun=2026 day_count=30
[2026-09-22 09:07:36] query selesai | jumlah row=0 | lastError=NULL
[2026-09-22 09:07:36] data siap, pelaksana terisi utk 0 hari. Mau panggil render_view() sekarang...
[2026-09-22 09:07:36] HTML report kebentuk, panjang=102541 karakter (format=pdf)
[2026-09-22 09:07:36] PDF jadi, ukuran=453592 byte
[2026-09-22 09:07:36] shutdown handler jalan, TIDAK ada fatal error tercatat (format=pdf)
[2026-09-22 09:11:05] index() called | format mentah=NULL | format lowercase='' | bulan=NULL | tahun=NULL
[2026-09-22 09:11:05] format TIDAK cocok kondisi kita (raw=NULL) -> lanjut ke logic list() normal di bawah
[2026-09-22 09:12:13] index() called | format mentah='pdf' | format lowercase='pdf' | bulan=NULL | tahun=NULL
[2026-09-22 09:12:13] format cocok ('pdf') -> masuk render_checklist_report()
[2026-09-22 09:12:13] render_checklist_report() mulai | format=pdf
[2026-09-22 09:12:13] inner() mulai | bulan=9 tahun=2026 day_count=30
[2026-09-22 09:12:13] query selesai | jumlah row=0 | lastError=NULL
[2026-09-22 09:12:13] data siap, pelaksana terisi utk 0 hari. Mau panggil render_view() sekarang...
[2026-09-22 09:12:13] HTML report kebentuk, panjang=102541 karakter (format=pdf)
[2026-09-22 09:12:13] PDF jadi, ukuran=453592 byte
[2026-09-22 09:12:13] shutdown handler jalan, TIDAK ada fatal error tercatat (format=pdf)
[2026-09-22 09:12:48] index() called | format mentah=NULL | format lowercase='' | bulan=NULL | tahun=NULL
[2026-09-22 09:12:48] format TIDAK cocok kondisi kita (raw=NULL) -> lanjut ke logic list() normal di bawah
[2026-09-22 09:12:50] index() called | format mentah=NULL | format lowercase='' | bulan=NULL | tahun=NULL
[2026-09-22 09:12:50] format TIDAK cocok kondisi kita (raw=NULL) -> lanjut ke logic list() normal di bawah
[2026-09-22 09:12:50] index() called | format mentah=NULL | format lowercase='' | bulan=NULL | tahun=NULL
[2026-09-22 09:12:50] format TIDAK cocok kondisi kita (raw=NULL) -> lanjut ke logic list() normal di bawah
[2026-09-22 09:12:50] index() called | format mentah=NULL | format lowercase='' | bulan=NULL | tahun=NULL
[2026-09-22 09:12:50] format TIDAK cocok kondisi kita (raw=NULL) -> lanjut ke logic list() normal di bawah
[2026-09-22 09:12:50] index() called | format mentah=NULL | format lowercase='' | bulan=NULL | tahun=NULL
[2026-09-22 09:12:50] format TIDAK cocok kondisi kita (raw=NULL) -> lanjut ke logic list() normal di bawah
[2026-09-22 09:12:55] index() called | format mentah=NULL | format lowercase='' | bulan=NULL | tahun=NULL
[2026-09-22 09:12:55] format TIDAK cocok kondisi kita (raw=NULL) -> lanjut ke logic list() normal di bawah
[2026-09-22 09:12:55] index() called | format mentah=NULL | format lowercase='' | bulan=NULL | tahun=NULL
[2026-09-22 09:12:55] format TIDAK cocok kondisi kita (raw=NULL) -> lanjut ke logic list() normal di bawah
[2026-09-22 09:13:24] index() called | format mentah=NULL | format lowercase='' | bulan=NULL | tahun=NULL
[2026-09-22 09:13:24] format TIDAK cocok kondisi kita (raw=NULL) -> lanjut ke logic list() normal di bawah
[2026-09-22 09:14:41] index() called | format mentah=NULL | format lowercase='' | bulan=NULL | tahun=NULL
[2026-09-22 09:14:41] format TIDAK cocok kondisi kita (raw=NULL) -> lanjut ke logic list() normal di bawah
[2026-09-22 09:14:44] index() called | format mentah='pdf' | format lowercase='pdf' | bulan=NULL | tahun=NULL
[2026-09-22 09:14:44] format cocok ('pdf') -> masuk render_checklist_report()
[2026-09-22 09:14:44] render_checklist_report() mulai | format=pdf
[2026-09-22 09:14:44] inner() mulai | bulan=9 tahun=2026 day_count=30
[2026-09-22 09:14:44] query selesai | jumlah row=0 | lastError=NULL
[2026-09-22 09:14:44] data siap, pelaksana terisi utk 0 hari. Mau panggil render_view() sekarang...
[2026-09-22 09:14:44] HTML report kebentuk, panjang=102541 karakter (format=pdf)
[2026-09-22 09:14:45] PDF jadi, ukuran=453592 byte
[2026-09-22 09:14:45] shutdown handler jalan, TIDAK ada fatal error tercatat (format=pdf)
[2026-09-22 09:15:01] index() called | format mentah=NULL | format lowercase='' | bulan='8' | tahun='2026'
[2026-09-22 09:15:01] format TIDAK cocok kondisi kita (raw=NULL) -> lanjut ke logic list() normal di bawah
[2026-09-22 09:15:04] index() called | format mentah='pdf' | format lowercase='pdf' | bulan='8' | tahun='2026'
[2026-09-22 09:15:04] format cocok ('pdf') -> masuk render_checklist_report()
[2026-09-22 09:15:04] render_checklist_report() mulai | format=pdf
[2026-09-22 09:15:04] inner() mulai | bulan=8 tahun=2026 day_count=31
[2026-09-22 09:15:04] query selesai | jumlah row=13 | lastError=NULL
[2026-09-22 09:15:04] data siap, pelaksana terisi utk 13 hari. Mau panggil render_view() sekarang...
[2026-09-22 09:15:04] HTML report kebentuk, panjang=113995 karakter (format=pdf)
[2026-09-22 09:15:04] PDF jadi, ukuran=455724 byte
[2026-09-22 09:15:04] shutdown handler jalan, TIDAK ada fatal error tercatat (format=pdf)
[2026-09-22 09:17:01] index() called | format mentah=NULL | format lowercase='' | bulan=NULL | tahun=NULL
[2026-09-22 09:17:01] format TIDAK cocok kondisi kita (raw=NULL) -> lanjut ke logic list() normal di bawah
[2026-09-22 09:21:57] index() called | format mentah=NULL | format lowercase='' | bulan=NULL | tahun=NULL
[2026-09-22 09:21:57] format TIDAK cocok kondisi kita (raw=NULL) -> lanjut ke logic list() normal di bawah
[2026-09-22 09:21:58] index() called | format mentah=NULL | format lowercase='' | bulan=NULL | tahun=NULL
[2026-09-22 09:21:58] format TIDAK cocok kondisi kita (raw=NULL) -> lanjut ke logic list() normal di bawah
[2026-09-22 09:21:58] index() called | format mentah=NULL | format lowercase='' | bulan=NULL | tahun=NULL
[2026-09-22 09:21:58] format TIDAK cocok kondisi kita (raw=NULL) -> lanjut ke logic list() normal di bawah
[2026-09-22 09:21:58] index() called | format mentah=NULL | format lowercase='' | bulan=NULL | tahun=NULL
[2026-09-22 09:21:58] format TIDAK cocok kondisi kita (raw=NULL) -> lanjut ke logic list() normal di bawah
[2026-09-22 09:21:58] index() called | format mentah=NULL | format lowercase='' | bulan=NULL | tahun=NULL
[2026-09-22 09:21:58] format TIDAK cocok kondisi kita (raw=NULL) -> lanjut ke logic list() normal di bawah
[2026-09-22 09:21:58] index() called | format mentah=NULL | format lowercase='' | bulan=NULL | tahun=NULL
[2026-09-22 09:21:58] format TIDAK cocok kondisi kita (raw=NULL) -> lanjut ke logic list() normal di bawah
[2026-09-22 09:21:58] index() called | format mentah=NULL | format lowercase='' | bulan=NULL | tahun=NULL
[2026-09-22 09:21:58] format TIDAK cocok kondisi kita (raw=NULL) -> lanjut ke logic list() normal di bawah
[2026-09-22 09:21:58] index() called | format mentah=NULL | format lowercase='' | bulan=NULL | tahun=NULL
[2026-09-22 09:21:58] format TIDAK cocok kondisi kita (raw=NULL) -> lanjut ke logic list() normal di bawah
[2026-09-22 09:22:00] index() called | format mentah=NULL | format lowercase='' | bulan=NULL | tahun=NULL
[2026-09-22 09:22:00] format TIDAK cocok kondisi kita (raw=NULL) -> lanjut ke logic list() normal di bawah
[2026-09-22 09:22:00] index() called | format mentah=NULL | format lowercase='' | bulan=NULL | tahun=NULL
[2026-09-22 09:22:00] format TIDAK cocok kondisi kita (raw=NULL) -> lanjut ke logic list() normal di bawah
[2026-09-22 09:22:00] index() called | format mentah=NULL | format lowercase='' | bulan=NULL | tahun=NULL
[2026-09-22 09:22:00] format TIDAK cocok kondisi kita (raw=NULL) -> lanjut ke logic list() normal di bawah
[2026-09-22 09:22:00] index() called | format mentah=NULL | format lowercase='' | bulan=NULL | tahun=NULL
[2026-09-22 09:22:00] format TIDAK cocok kondisi kita (raw=NULL) -> lanjut ke logic list() normal di bawah
[2026-09-22 09:22:00] index() called | format mentah=NULL | format lowercase='' | bulan=NULL | tahun=NULL
[2026-09-22 09:22:00] format TIDAK cocok kondisi kita (raw=NULL) -> lanjut ke logic list() normal di bawah
[2026-09-22 09:22:07] index() called | format mentah=NULL | format lowercase='' | bulan='8' | tahun='2026'
[2026-09-22 09:22:07] format TIDAK cocok kondisi kita (raw=NULL) -> lanjut ke logic list() normal di bawah
[2026-09-22 09:22:09] index() called | format mentah='pdf' | format lowercase='pdf' | bulan='8' | tahun='2026'
[2026-09-22 09:22:09] format cocok ('pdf') -> masuk render_checklist_report()
[2026-09-22 09:22:09] render_checklist_report() mulai | format=pdf
[2026-09-22 09:22:09] inner() mulai | bulan=8 tahun=2026 day_count=31
[2026-09-22 09:22:09] query selesai | jumlah row=13 | lastError=NULL
[2026-09-22 09:22:09] data siap, pelaksana terisi utk 13 hari. Mau panggil render_view() sekarang...
[2026-09-22 09:22:09] HTML report kebentuk, panjang=113995 karakter (format=pdf)
[2026-09-22 09:22:09] PDF jadi, ukuran=455724 byte
[2026-09-22 09:22:09] shutdown handler jalan, TIDAK ada fatal error tercatat (format=pdf)
[2026-09-22 10:39:31] index() called | format mentah=NULL | format lowercase='' | bulan=NULL | tahun=NULL
[2026-09-22 10:39:31] format TIDAK cocok kondisi kita (raw=NULL) -> lanjut ke logic list() normal di bawah
[2026-09-22 10:40:25] index() called | format mentah='pdf' | format lowercase='pdf' | bulan=NULL | tahun=NULL
[2026-09-22 10:40:25] format cocok ('pdf') -> masuk render_checklist_report()
[2026-09-22 10:40:25] render_checklist_report() mulai | format=pdf
[2026-09-22 10:40:25] inner() mulai | bulan=9 tahun=2026 day_count=30
[2026-09-22 10:40:25] query selesai | jumlah row=0 | lastError=NULL
[2026-09-22 10:40:25] data siap, pelaksana terisi utk 0 hari. Mau panggil render_view() sekarang...
[2026-09-22 10:40:25] HTML report kebentuk, panjang=102541 karakter (format=pdf)
[2026-09-22 10:40:26] PDF jadi, ukuran=453592 byte
[2026-09-22 10:40:26] shutdown handler jalan, TIDAK ada fatal error tercatat (format=pdf)
[2026-09-23 02:58:59] index() called | format mentah=NULL | format lowercase='' | bulan=NULL | tahun=NULL
[2026-09-23 02:58:59] format TIDAK cocok kondisi kita (raw=NULL) -> lanjut ke logic list() normal di bawah
[2026-09-23 03:36:07] index() called | format mentah=NULL | format lowercase='' | bulan=NULL | tahun=NULL
[2026-09-23 03:36:07] format TIDAK cocok kondisi kita (raw=NULL) -> lanjut ke logic list() normal di bawah
